ID_DNA_RAD	Label	Alcool_ID	Mother_ID	Isolation_date	Death_date	Sex	Phenotype	P7.very.large.ep	P7.larg.ep	P7.med.ep	P7.small.ep	P7.ep.dist.very.large	P7.ep.dist.large	P7.ep.dist.medium	P7.ep.dist.small	P7.ep	P6.very.large.ep	P6.larg.ep	P6.med.ep	P6.small.ep	P6.ep.dist.very.large	P6.ep.dist.large	P6.ep.dist.medium	P6.ep.dist.small	P6.carp.curv.setae	P6.ep	P5.very.large.ep	P5.large.ep	P5.medium.ep	P5.small.ep	P5.ep.dist	P5.ep	P5.prop.curv.setae	P5.carp.curv.setae	P5.merus.curv.setae	P5.isch.curv.setae	P5.curv.setae	P4.small.ep	P4.prop.curv.setae	P4.carp.curv.setae	P4.merus.curv.setae	P4.isch.curv.setae	P4.curv.setae	P3.prop.curv.setae	P3.carp.curv.setae	P3.merus.curv.setae	P3.isch.curv.setae	P3.curv.setae	P2.prop.curv.setae	P2.carp.curv.setae	P2.merus.curv.setae	P2.isch.curv.setae	P2.curv.setae	P1.prop.curv.setae	P1.carp.curv.setae	P1.merus.curv.setae	P1.isch.curv.setae	P1.curv.setae	Photo_ID	Size	Note	Extracted	Family_level	P7.ep.mid	nb_tot_juv_brood1	nb_juv_brood1	nb_tot_juv_brood2	nb_juv_brood2	Name_offsprings_brood1	Name_offsprings_brood2	Species
E4970	O1-1	4970	M5-1	14/06/2024	13/08/2024	M	praehirsuta	0	1	1	0	0	0	1	0	3	0	0	0	0	0	0	1	0	0	1	0	0	0	0	0	0	0	0	0	0	0	0	15	>40	0	0	55	12	>35	10	0	57	11	30	10	1	52	11	24	8	0	43	DSC_0967	2,162		TRUE	offspring	NA	NA	NA	NA	NA	NA	NA	praehirsuta
E4972	O1-3	4972	M5-1	14/06/2024	13/08/2024	F	NA	NA	NA	NA	NA	NA	NA	NA	NA	NA	NA	NA	NA	NA	NA	NA	NA	NA	NA	NA	NA	NA	NA	NA	NA	NA	NA	NA	NA	NA	NA	NA	NA	NA	NA	NA	NA	NA	NA	NA	NA	NA	NA	NA	NA	NA	NA	NA	NA	NA	NA	NA	DSC_0970	3,197		TRUE	offspring	NA	NA	NA	NA	NA	NA	NA	praehirsuta
E4973	O1-4	4973	M5-1	14/06/2024	13/08/2024	M	praehirsuta	0	1	0	0	0	0	0	1	2	0	0	0	1	0	0	0	0	0	1	0	0	0	0	0	0	0	0	0	0	0	0	13	>40	0	0	53	16	>40	12	0	68	12	32	7	0	51	11	25	10	0	46	DSC_0971-DSC_0972	2,041		TRUE	offspring	NA	NA	NA	NA	NA	NA	NA	praehirsuta
E4974	O2-1	4974	M9-6	14/06/2024	13/08/2024	M	forsmani	0	1	1	0	0	0	1	0	3	0	2	0	0	0	0	0	0	0	2	0	0	0	0	0	0	0	0	0	0	0	0	0	0	0	0	0	0	0	0	0	0	0	0	0	0	0	0	0	0	0	0	DSC_0973	2,344	Slightly bent on the photo	TRUE	offspring	NA	NA	NA	NA	NA	NA	NA	forsmani
E4975r1	O2-3	4975	M9-6	14/06/2024	13/08/2024	M	forsmani	0	2	0	0	0	0	0	0	2	0	1	0	1	0	0	0	0	0	2	0	0	0	0	0	0	0	0	0	0	0	0	0	0	0	0	0	0	0	0	0	0	0	0	0	0	0	0	0	0	0	0	DSC_0974-DSC_0975	1,967		TRUE	offspring	NA	NA	NA	NA	NA	NA	NA	forsmani
E4975r20	O2-3	4975	M9-6	14/06/2024	13/08/2024	M	forsmani	0	2	0	0	0	0	0	0	2	0	1	0	1	0	0	0	0	0	2	0	0	0	0	0	0	0	0	0	0	0	0	0	0	0	0	0	0	0	0	0	0	0	0	0	0	0	0	0	0	0	0	DSC_0974-DSC_0975	1,967		TRUE	offspring	NA	NA	NA	NA	NA	NA	NA	forsmani
E4976	O2-4	4976	M9-6	14/06/2024	13/08/2024	F	NA	NA	NA	NA	NA	NA	NA	NA	NA	NA	NA	NA	NA	NA	NA	NA	NA	NA	NA	NA	NA	NA	NA	NA	NA	NA	NA	NA	NA	NA	NA	NA	NA	NA	NA	NA	NA	NA	NA	NA	NA	NA	NA	NA	NA	NA	NA	NA	NA	NA	NA	NA	DSC_0976	2,569		TRUE	offspring	NA	NA	NA	NA	NA	NA	NA	forsmani
E4979	O3-3	4979	M4-1	17/06/2024	15/08/2024	M	forsmani	0	1	1	0	0	0	0	1	3	0	1	0	0	0	0	0	1	0	2	0	0	0	0	0	0	0	0	0	0	0	0	0	0	0	0	0	0	0	0	0	0	0	0	0	0	0	0	0	0	0	0	DSC_0982	2,442	Slightly bent on the photo	TRUE	offspring	NA	NA	NA	NA	NA	NA	NA	forsmani
E4981	O3-5	4981	M4-1	17/06/2024	15/08/2024	F	NA	NA	NA	NA	NA	NA	NA	NA	NA	NA	NA	NA	NA	NA	NA	NA	NA	NA	NA	NA	NA	NA	NA	NA	NA	NA	NA	NA	NA	NA	NA	NA	NA	NA	NA	NA	NA	NA	NA	NA	NA	NA	NA	NA	NA	NA	NA	NA	NA	NA	NA	NA	DSC_0984	2,744		TRUE	offspring	NA	NA	NA	NA	NA	NA	NA	forsmani
E4982	O3-6	4982	M4-1	17/06/2024	15/08/2024	F	NA	NA	NA	NA	NA	NA	NA	NA	NA	NA	NA	NA	NA	NA	NA	NA	NA	NA	NA	NA	NA	NA	NA	NA	NA	NA	NA	NA	NA	NA	NA	NA	NA	NA	NA	NA	NA	NA	NA	NA	NA	NA	NA	NA	NA	NA	NA	NA	NA	NA	NA	NA	DSC_0985	2,799		TRUE	offspring	NA	NA	NA	NA	NA	NA	NA	forsmani
E4984	O4-2	4984	M4-1	17/06/2024	15/08/2024	F	NA	NA	NA	NA	NA	NA	NA	NA	NA	NA	NA	NA	NA	NA	NA	NA	NA	NA	NA	NA	NA	NA	NA	NA	NA	NA	NA	NA	NA	NA	NA	NA	NA	NA	NA	NA	NA	NA	NA	NA	NA	NA	NA	NA	NA	NA	NA	NA	NA	NA	NA	NA	DSC_0987	2,881		TRUE	offspring	NA	NA	NA	NA	NA	NA	NA	forsmani
E4985	O4-3	4985	M4-1	17/06/2024	15/08/2024	M	forsmani	0	2	0	0	0	0	1	0	3	0	1	0	3	0	0	0	0	0	4	0	0	0	1	0	1	0	0	0	0	0	0	0	0	0	0	0	0	0	0	0	0	0	0	0	0	0	0	0	0	0	0	DSC_0988	2,258		TRUE	offspring	NA	NA	NA	NA	NA	NA	NA	forsmani
E4989	O5-3	4989	M4-1	17/06/2024	15/08/2024	M	forsmani	0	1	1	0	0	0	1	0	3	0	1	0	2	0	0	0	0	0	3	0	0	0	0	0	0	0	0	0	0	0	0	0	0	0	0	0	0	0	0	0	0	0	0	0	0	0	0	0	0	0	0	DSC_0992-DSC_0993	2,104		TRUE	offspring	NA	NA	NA	NA	NA	NA	NA	forsmani
E4990	O5-4	4990	M4-1	17/06/2024	15/08/2024	F	NA	NA	NA	NA	NA	NA	NA	NA	NA	NA	NA	NA	NA	NA	NA	NA	NA	NA	NA	NA	NA	NA	NA	NA	NA	NA	NA	NA	NA	NA	NA	NA	NA	NA	NA	NA	NA	NA	NA	NA	NA	NA	NA	NA	NA	NA	NA	NA	NA	NA	NA	NA	DSC_0994	2,914		TRUE	offspring	NA	NA	NA	NA	NA	NA	NA	forsmani
E4994	O6-2	4994	M4-1	17/06/2024	16/08/2024	M	forsmani	0	1	1	1	0	0	0	0	3	0	1	0	1	0	0	0	0	0	2	0	0	0	0	0	0	0	0	0	0	0	0	0	0	0	0	0	0	0	0	0	0	0	0	0	0	0	0	0	0	0	0	DSC_0998	2,233		TRUE	offspring	NA	NA	NA	NA	NA	NA	NA	forsmani
E4996	O6-4	4996	M4-1	17/06/2024	16/08/2024	F	NA	NA	NA	NA	NA	NA	NA	NA	NA	NA	NA	NA	NA	NA	NA	NA	NA	NA	NA	NA	NA	NA	NA	NA	NA	NA	NA	NA	NA	NA	NA	NA	NA	NA	NA	NA	NA	NA	NA	NA	NA	NA	NA	NA	NA	NA	NA	NA	NA	NA	NA	NA	DSC_01	2,043		TRUE	offspring	NA	NA	NA	NA	NA	NA	NA	forsmani
E4998	O6-6	4998	M4-1	17/06/2024	16/08/2024	M	forsmani	0	1	1	0	0	0	1	0	3	0	1	0	1	0	0	0	0	0	2	0	0	0	1	0	1	0	0	0	0	0	0	0	0	0	0	0	0	0	0	0	0	0	1	0	0	1	0	0	0	0	0	DSC_03	2,203		TRUE	offspring	NA	NA	NA	NA	NA	NA	NA	forsmani
E4999	O7-1	4999	M4-1	17/06/2024	16/08/2024	F	NA	NA	NA	NA	NA	NA	NA	NA	NA	NA	NA	NA	NA	NA	NA	NA	NA	NA	NA	NA	NA	NA	NA	NA	NA	NA	NA	NA	NA	NA	NA	NA	NA	NA	NA	NA	NA	NA	NA	NA	NA	NA	NA	NA	NA	NA	NA	NA	NA	NA	NA	NA	DSC_04	3,272		TRUE	offspring	NA	NA	NA	NA	NA	NA	NA	forsmani
E5002	O7-4	5002	M4-1	17/06/2024	16/08/2024	M	forsmani	0	1	1	1	0	0	0	0	3	0	1	0	2	0	0	0	0	0	3	0	0	0	1	0	1	0	0	0	0	0	0	0	0	0	0	0	0	0	0	0	0	0	0	0	0	0	0	0	0	0	0	DSC_07	2,229		TRUE	offspring	NA	NA	NA	NA	NA	NA	NA	forsmani
E5004	O8-4	5004	M11-6	17/06/2024	16/08/2024	F	NA	NA	NA	NA	NA	NA	NA	NA	NA	NA	NA	NA	NA	NA	NA	NA	NA	NA	NA	NA	NA	NA	NA	NA	NA	NA	NA	NA	NA	NA	NA	NA	NA	NA	NA	NA	NA	NA	NA	NA	NA	NA	NA	NA	NA	NA	NA	NA	NA	NA	NA	NA	DSC_0009-DSC_010	2,634		TRUE	offspring	NA	NA	NA	NA	NA	NA	NA	forsmani
E5007	O9-1	5007	M11-6	17/06/2024	16/08/2024	M	forsmani	0	1	0	1	0	0	0	0	2	0	1	0	1	0	0	0	0	0	2	0	0	0	0	0	0	0	0	0	0	0	0	0	0	0	0	0	0	0	0	0	0	0	0	0	0	0	0	0	0	0	0	DSC_013	1,995		TRUE	offspring	NA	NA	NA	NA	NA	NA	NA	forsmani
E5009	O10-3	5009	M14-6	17/06/2024	16/08/2024	M	forsmani	0	1	2	0	0	0	0	0	3	0	1	0	1	0	0	0	0	0	2	0	0	0	0	0	0	0	0	0	0	0	0	0	0	0	0	0	0	0	0	0	0	0	0	0	0	0	0	0	0	0	0	DSC_015	1,936		TRUE	offspring	NA	NA	NA	NA	NA	NA	NA	forsmani
E5011	O10-4	5011	M14-6	17/06/2024	16/08/2024	F	NA	NA	NA	NA	NA	NA	NA	NA	NA	NA	NA	NA	NA	NA	NA	NA	NA	NA	NA	NA	NA	NA	NA	NA	NA	NA	NA	NA	NA	NA	NA	NA	NA	NA	NA	NA	NA	NA	NA	NA	NA	NA	NA	NA	NA	NA	NA	NA	NA	NA	NA	NA	DSC_018	2,936		TRUE	offspring	NA	NA	NA	NA	NA	NA	NA	forsmani
E5015	O11-2	5015	M14-6	17/06/2024	16/08/2024	F	NA	NA	NA	NA	NA	NA	NA	NA	NA	NA	NA	NA	NA	NA	NA	NA	NA	NA	NA	NA	NA	NA	NA	NA	NA	NA	NA	NA	NA	NA	NA	NA	NA	NA	NA	NA	NA	NA	NA	NA	NA	NA	NA	NA	NA	NA	NA	NA	NA	NA	NA	NA	DSC_024	2,589		TRUE	offspring	NA	NA	NA	NA	NA	NA	NA	forsmani
E5016	O11-3	5016	M14-6	17/06/2024	16/08/2024	M	forsmani	1	1	2	0	0	0	0	0	4	0	1	1	1	0	0	0	0	0	3	0	0	0	0	0	0	0	0	0	0	0	0	0	0	0	0	0	0	0	0	0	0	0	0	0	0	0	0	0	0	0	0	DSC_025	2,297		TRUE	offspring	NA	NA	NA	NA	NA	NA	NA	forsmani
E5017	O12-1	5017	M25-1	17/06/2024	16/08/2024	M	forsmani	0	1	2	0	0	0	1	0	4	0	1	1	1	0	0	0	0	0	3	0	0	0	0	0	0	0	0	0	0	0	0	0	0	0	0	0	0	0	0	0	0	0	0	0	0	0	0	0	0	0	0	DSC_026	2,126	Slightly bent on the photo	TRUE	offspring	NA	NA	NA	NA	NA	NA	NA	forsmani
E5018	O12-2	5018	M25-1	17/06/2024	16/08/2024	F	NA	NA	NA	NA	NA	NA	NA	NA	NA	NA	NA	NA	NA	NA	NA	NA	NA	NA	NA	NA	NA	NA	NA	NA	NA	NA	NA	NA	NA	NA	NA	NA	NA	NA	NA	NA	NA	NA	NA	NA	NA	NA	NA	NA	NA	NA	NA	NA	NA	NA	NA	NA	DSC_0027-DSC_028	2,83		TRUE	offspring	NA	NA	NA	NA	NA	NA	NA	forsmani
E5019	O12-3	5019	M25-1	17/06/2024	16/08/2024	F	NA	NA	NA	NA	NA	NA	NA	NA	NA	NA	NA	NA	NA	NA	NA	NA	NA	NA	NA	NA	NA	NA	NA	NA	NA	NA	NA	NA	NA	NA	NA	NA	NA	NA	NA	NA	NA	NA	NA	NA	NA	NA	NA	NA	NA	NA	NA	NA	NA	NA	NA	NA	DSC_0029-DSC_031	3,012	Slightly bent on the photo	TRUE	offspring	NA	NA	NA	NA	NA	NA	NA	forsmani
E5020	O12-4	5020	M25-1	17/06/2024	16/08/2024	M	forsmani	0	1	2	0	0	0	1	0	4	0	2	1	1	0	0	0	0	0	4	0	0	0	0	0	0	0	0	0	0	0	0	0	0	0	0	0	0	0	0	0	0	0	0	0	0	0	0	0	0	0	0	DSC_032	2,311		TRUE	offspring	NA	NA	NA	NA	NA	NA	NA	forsmani
E5022	O12-6	5022	M25-1	17/06/2024	16/08/2024	M	forsmani	1	2	0	0	0	0	0	1	4	0	1	1	1	0	0	0	0	0	3	0	0	0	0	0	0	0	0	0	0	0	0	0	0	0	0	0	0	0	0	0	0	0	0	0	0	0	0	0	0	0	0	DSC_034	2,31	Slightly bent on the photo	TRUE	offspring	NA	NA	NA	NA	NA	NA	NA	forsmani
E5023	O13-1	5023	M25-1	17/06/2024	16/08/2024	M	forsmani	0	1	1	0	0	0	1	0	3	0	1	1	0	0	0	0	0	0	2	0	0	0	1	0	1	0	0	0	0	0	0	0	0	0	0	0	0	0	0	0	0	0	0	0	0	0	0	0	0	0	0	DSC_0035-DSC_037	2,186		TRUE	offspring	NA	NA	NA	NA	NA	NA	NA	forsmani
E5024	O13-2	5024	M25-1	17/06/2024	16/08/2024	F	NA	NA	NA	NA	NA	NA	NA	NA	NA	NA	NA	NA	NA	NA	NA	NA	NA	NA	NA	NA	NA	NA	NA	NA	NA	NA	NA	NA	NA	NA	NA	NA	NA	NA	NA	NA	NA	NA	NA	NA	NA	NA	NA	NA	NA	NA	NA	NA	NA	NA	NA	NA	DSC_0038-DSC_039	3,156		TRUE	offspring	NA	NA	NA	NA	NA	NA	NA	forsmani
E5025	O13-3	5025	M25-1	17/06/2024	16/08/2024	F	NA	NA	NA	NA	NA	NA	NA	NA	NA	NA	NA	NA	NA	NA	NA	NA	NA	NA	NA	NA	NA	NA	NA	NA	NA	NA	NA	NA	NA	NA	NA	NA	NA	NA	NA	NA	NA	NA	NA	NA	NA	NA	NA	NA	NA	NA	NA	NA	NA	NA	NA	NA	DSC_0040-DSC_042	3,11		TRUE	offspring	NA	NA	NA	NA	NA	NA	NA	forsmani
E5026	O13-4	5026	M25-1	17/06/2024	16/08/2024	M	forsmani	0	2	1	0	0	0	0	0	3	0	2	1	0	0	0	0	0	0	3	0	0	0	0	0	0	0	0	0	0	0	0	0	0	0	0	0	0	0	0	0	0	0	0	0	0	0	0	0	0	0	0	DSC_043	2,252		TRUE	offspring	NA	NA	NA	NA	NA	NA	NA	forsmani
E5028	O13-6	5028	M25-1	17/06/2024	16/08/2024	F	NA	NA	NA	NA	NA	NA	NA	NA	NA	NA	NA	NA	NA	NA	NA	NA	NA	NA	NA	NA	NA	NA	NA	NA	NA	NA	NA	NA	NA	NA	NA	NA	NA	NA	NA	NA	NA	NA	NA	NA	NA	NA	NA	NA	NA	NA	NA	NA	NA	NA	NA	NA	DSC_045	2,782		TRUE	offspring	NA	NA	NA	NA	NA	NA	NA	forsmani
E5029	O14-1	5029	M25-1	17/06/2024	16/08/2024	F	NA	NA	NA	NA	NA	NA	NA	NA	NA	NA	NA	NA	NA	NA	NA	NA	NA	NA	NA	NA	NA	NA	NA	NA	NA	NA	NA	NA	NA	NA	NA	NA	NA	NA	NA	NA	NA	NA	NA	NA	NA	NA	NA	NA	NA	NA	NA	NA	NA	NA	NA	NA	DSC_046	2,654		TRUE	offspring	NA	NA	NA	NA	NA	NA	NA	forsmani
E5030	O14-2	5030	M25-1	17/06/2024	16/08/2024	M	forsmani	0	1	1	1	0	0	1	0	4	0	1	0	1	0	0	0	0	0	2	0	0	0	0	0	0	0	0	0	0	0	0	0	0	0	0	0	0	0	0	0	0	0	0	0	0	0	0	0	0	0	0	DSC_047	2,218		TRUE	offspring	NA	NA	NA	NA	NA	NA	NA	forsmani
E5031	O14-4	5031	M25-1	17/06/2024	16/08/2024	F	NA	NA	NA	NA	NA	NA	NA	NA	NA	NA	NA	NA	NA	NA	NA	NA	NA	NA	NA	NA	NA	NA	NA	NA	NA	NA	NA	NA	NA	NA	NA	NA	NA	NA	NA	NA	NA	NA	NA	NA	NA	NA	NA	NA	NA	NA	NA	NA	NA	NA	NA	NA	DSC_048	2,983		TRUE	offspring	NA	NA	NA	NA	NA	NA	NA	forsmani
E5034	O15-3	5034	M3-6	19/06/2024	19/08/2024	M	forsmani	0	1	1	0	0	0	1	0	3	0	1	0	1	0	0	0	0	0	2	0	0	0	0	0	0	0	0	0	0	0	0	0	0	0	0	0	0	0	0	0	0	0	0	0	0	0	0	0	0	0	0	DSC_051	2,364		TRUE	offspring	NA	NA	NA	NA	NA	NA	NA	forsmani
E5035	O15-4	5035	M3-6	19/06/2024	19/08/2024	F	NA	NA	NA	NA	NA	NA	NA	NA	NA	NA	NA	NA	NA	NA	NA	NA	NA	NA	NA	NA	NA	NA	NA	NA	NA	NA	NA	NA	NA	NA	NA	NA	NA	NA	NA	NA	NA	NA	NA	NA	NA	NA	NA	NA	NA	NA	NA	NA	NA	NA	NA	NA	DSC_052	2,939		TRUE	offspring	NA	NA	NA	NA	NA	NA	NA	forsmani
E5036	O15-5	5036	M3-6	19/06/2024	19/08/2024	F	NA	NA	NA	NA	NA	NA	NA	NA	NA	NA	NA	NA	NA	NA	NA	NA	NA	NA	NA	NA	NA	NA	NA	NA	NA	NA	NA	NA	NA	NA	NA	NA	NA	NA	NA	NA	NA	NA	NA	NA	NA	NA	NA	NA	NA	NA	NA	NA	NA	NA	NA	NA	DSC_053	2,808		TRUE	offspring	NA	NA	NA	NA	NA	NA	NA	forsmani
E5037	O15-6	5037	M3-6	19/06/2024	19/08/2024	M	forsmani	0	2	0	0	0	0	0	0	2	0	1	1	1	0	0	0	0	0	3	0	0	0	1	0	1	0	0	0	0	0	0	0	0	0	0	0	0	0	0	0	0	0	0	0	0	0	0	0	0	0	0	DSC_054	2,332		TRUE	offspring	NA	NA	NA	NA	NA	NA	NA	forsmani
E5038	O16-1	5038	M3-6	19/06/2024	19/08/2024	M	forsmani	0	1	1	0	0	0	0	0	2	0	1	0	1	0	0	0	0	0	2	0	0	0	1	0	1	0	0	0	0	0	0	0	0	0	0	0	0	0	0	0	0	0	0	0	0	0	0	0	0	0	0	DSC_055	2,261		TRUE	offspring	NA	NA	NA	NA	NA	NA	NA	forsmani
E5039	O16-2	5039	M3-6	19/06/2024	19/08/2024	F	NA	NA	NA	NA	NA	NA	NA	NA	NA	NA	NA	NA	NA	NA	NA	NA	NA	NA	NA	NA	NA	NA	NA	NA	NA	NA	NA	NA	NA	NA	NA	NA	NA	NA	NA	NA	NA	NA	NA	NA	NA	NA	NA	NA	NA	NA	NA	NA	NA	NA	NA	NA	DSC_056	2,559		TRUE	offspring	NA	NA	NA	NA	NA	NA	NA	forsmani
E5043r1	O17-1	5043	M3-6	19/06/2024	19/08/2024	M	forsmani	0	1	1	0	0	0	0	0	2	0	1	0	1	0	0	0	0	0	2	0	0	0	0	0	0	0	0	0	0	0	0	0	0	0	0	0	0	0	0	0	0	0	0	0	0	0	0	0	0	0	0	DSC_061	2,369		TRUE	offspring	NA	NA	NA	NA	NA	NA	NA	forsmani
E5043r30	O17-1	5043	M3-6	19/06/2024	19/08/2024	M	forsmani	0	1	1	0	0	0	0	0	2	0	1	0	1	0	0	0	0	0	2	0	0	0	0	0	0	0	0	0	0	0	0	0	0	0	0	0	0	0	0	0	0	0	0	0	0	0	0	0	0	0	0	DSC_061	2,369		TRUE	offspring	NA	NA	NA	NA	NA	NA	NA	forsmani
E5046	O17-4	5046	M3-6	19/06/2024	19/08/2024	F	NA	NA	NA	NA	NA	NA	NA	NA	NA	NA	NA	NA	NA	NA	NA	NA	NA	NA	NA	NA	NA	NA	NA	NA	NA	NA	NA	NA	NA	NA	NA	NA	NA	NA	NA	NA	NA	NA	NA	NA	NA	NA	NA	NA	NA	NA	NA	NA	NA	NA	NA	NA	DSC_064	2,513		TRUE	offspring	NA	NA	NA	NA	NA	NA	NA	forsmani
E5048	O17-6	5048	M3-6	19/06/2024	19/08/2024	M	forsmani	0	1	1	0	0	0	0	0	2	0	1	0	1	0	0	0	0	0	2	0	0	0	0	0	0	0	0	0	0	0	0	0	0	0	0	0	0	0	0	0	0	0	0	0	0	0	0	0	0	0	0	DSC_066	2,312		TRUE	offspring	NA	NA	NA	NA	NA	NA	NA	forsmani
E5049	O18-1	5049	M3-6	19/06/2024	19/08/2024	F	NA	NA	NA	NA	NA	NA	NA	NA	NA	NA	NA	NA	NA	NA	NA	NA	NA	NA	NA	NA	NA	NA	NA	NA	NA	NA	NA	NA	NA	NA	NA	NA	NA	NA	NA	NA	NA	NA	NA	NA	NA	NA	NA	NA	NA	NA	NA	NA	NA	NA	NA	NA	DSC_067	2,182		TRUE	offspring	NA	NA	NA	NA	NA	NA	NA	forsmani
E5051	O18-3	5051	M3-6	19/06/2024	19/08/2024	M	forsmani	0	1	0	1	0	0	1	0	3	0	1	0	0	0	0	0	0	0	1	0	0	0	1	0	1	0	0	0	0	0	0	0	0	0	0	0	0	0	0	0	0	0	0	0	0	0	0	0	0	0	0	DSC_069	1,974		TRUE	offspring	NA	NA	NA	NA	NA	NA	NA	forsmani
E5053	O18-6	5053	M3-6	19/06/2024	19/08/2024	F	NA	NA	NA	NA	NA	NA	NA	NA	NA	NA	NA	NA	NA	NA	NA	NA	NA	NA	NA	NA	NA	NA	NA	NA	NA	NA	NA	NA	NA	NA	NA	NA	NA	NA	NA	NA	NA	NA	NA	NA	NA	NA	NA	NA	NA	NA	NA	NA	NA	NA	NA	NA	DSC_071	2,455		TRUE	offspring	NA	NA	NA	NA	NA	NA	NA	forsmani
E5054	O19-2	5054	M6-1	19/06/2024	19/08/2024	F	NA	NA	NA	NA	NA	NA	NA	NA	NA	NA	NA	NA	NA	NA	NA	NA	NA	NA	NA	NA	NA	NA	NA	NA	NA	NA	NA	NA	NA	NA	NA	NA	NA	NA	NA	NA	NA	NA	NA	NA	NA	NA	NA	NA	NA	NA	NA	NA	NA	NA	NA	NA	DSC_072	2,811		TRUE	offspring	NA	NA	NA	NA	NA	NA	NA	praehirsuta
E5055	O19-6	5055	M6-1	19/06/2024	19/08/2024	M	praehirsuta	0	1	1	1	0	0	0	1	4	0	0	1	1	0	0	0	0	0	2	0	0	0	0	0	0	0	1	0	0	1	0	11	>35	0	0	46	17	>35	10	0	62	16	27	5	0	48	11	18	10	0	39	DSC_073	2,039	One female in the well	TRUE	offspring	NA	NA	NA	NA	NA	NA	NA	praehirsuta
E5057r1	O20-1	5057	M6-1	19/06/2024	19/08/2024	M	praehirsuta	0	1	0	1	0	0	1	1	4	0	0	1	0	0	0	0	0	0	1	0	0	0	0	0	0	0	0	0	0	0	0	6	14	0	0	20	6	21	1	0	28	5	26	4	0	35	8	16	4	0	28	DSC_075	2,07		TRUE	offspring	NA	NA	NA	NA	NA	NA	NA	praehirsuta
E5057r20	O20-1	5057	M6-1	19/06/2024	19/08/2024	M	praehirsuta	0	1	0	1	0	0	1	1	4	0	0	1	0	0	0	0	0	0	1	0	0	0	0	0	0	0	0	0	0	0	0	6	14	0	0	20	6	21	1	0	28	5	26	4	0	35	8	16	4	0	28	DSC_075	2,07		TRUE	offspring	NA	NA	NA	NA	NA	NA	NA	praehirsuta
E5058	O20-2	5058	M6-1	19/06/2024	19/08/2024	M	praehirsuta	1	0	0	1	0	0	0	0	2	0	0	0	1	0	0	0	0	0	1	0	0	0	0	0	0	0	1	0	0	1	0	13	29	0	0	42	11	29	2	0	42	10	32	5	0	47	10	22	6	0	38	DSC_076	1,909		TRUE	offspring	NA	NA	NA	NA	NA	NA	NA	praehirsuta
E5059	O20-3	5059	M6-1	19/06/2024	19/08/2024	F	NA	NA	NA	NA	NA	NA	NA	NA	NA	NA	NA	NA	NA	NA	NA	NA	NA	NA	NA	NA	NA	NA	NA	NA	NA	NA	NA	NA	NA	NA	NA	NA	NA	NA	NA	NA	NA	NA	NA	NA	NA	NA	NA	NA	NA	NA	NA	NA	NA	NA	NA	NA	DSC_077	2,357		TRUE	offspring	NA	NA	NA	NA	NA	NA	NA	praehirsuta
E5060	O21-1	5060	M6-6	19/06/2024	19/08/2024	F	NA	NA	NA	NA	NA	NA	NA	NA	NA	NA	NA	NA	NA	NA	NA	NA	NA	NA	NA	NA	NA	NA	NA	NA	NA	NA	NA	NA	NA	NA	NA	NA	NA	NA	NA	NA	NA	NA	NA	NA	NA	NA	NA	NA	NA	NA	NA	NA	NA	NA	NA	NA	DSC_078	2,208		TRUE	offspring	NA	NA	NA	NA	NA	NA	NA	praehirsuta
E5061	O21-4	5061	M6-6	19/06/2024	19/08/2024	F	NA	NA	NA	NA	NA	NA	NA	NA	NA	NA	NA	NA	NA	NA	NA	NA	NA	NA	NA	NA	NA	NA	NA	NA	NA	NA	NA	NA	NA	NA	NA	NA	NA	NA	NA	NA	NA	NA	NA	NA	NA	NA	NA	NA	NA	NA	NA	NA	NA	NA	NA	NA	DSC_079	2,361		TRUE	offspring	NA	NA	NA	NA	NA	NA	NA	praehirsuta
E5062	O21-5	5062	M6-6	19/06/2024	19/08/2024	M	praehirsuta	1	0	0	1	0	0	1	0	3	0	0	0	1	0	0	0	0	0	1	0	0	0	0	0	0	0	0	0	0	0	0	12	26	0	0	38	12	24	5	0	41	8	24	5	0	37	6	8	6	0	20	DSC_080	1,966		TRUE	offspring	NA	NA	NA	NA	NA	NA	NA	praehirsuta
E5063	O21-6	5063	M6-6	19/06/2024	19/08/2024	M	praehirsuta	0	1	0	1	0	0	0	0	2	0	0	0	1	0	0	0	0	0	1	0	0	0	0	0	0	0	0	0	0	0	0	9	25	0	0	34	11	29	7	0	47	14	19	5	0	38	10	15	7	0	32	DSC_081	1,743	P1.merus.curv.setae is approximative	TRUE	offspring	NA	NA	NA	NA	NA	NA	NA	praehirsuta
E5064	O22-3	5064	M6-6	19/06/2024	19/08/2024	F	NA	NA	NA	NA	NA	NA	NA	NA	NA	NA	NA	NA	NA	NA	NA	NA	NA	NA	NA	NA	NA	NA	NA	NA	NA	NA	NA	NA	NA	NA	NA	NA	NA	NA	NA	NA	NA	NA	NA	NA	NA	NA	NA	NA	NA	NA	NA	NA	NA	NA	NA	NA	DSC_082	2,689		TRUE	offspring	NA	NA	NA	NA	NA	NA	NA	praehirsuta
E5065	O22-6	5065	M6-6	19/06/2024	19/08/2024	M	praehirsuta	0	1	0	0	0	0	0	0	1	0	0	0	1	0	0	0	0	0	1	0	0	0	0	0	0	0	1	0	0	1	0	18	45	1	0	64	15	36	6	0	57	11	34	12	0	57	11	24	9	0	44	DSC_083	2,081		TRUE	offspring	NA	NA	NA	NA	NA	NA	NA	praehirsuta
E5066	O23-1	5066	M6-6	19/06/2024	19/08/2024	F	NA	NA	NA	NA	NA	NA	NA	NA	NA	NA	NA	NA	NA	NA	NA	NA	NA	NA	NA	NA	NA	NA	NA	NA	NA	NA	NA	NA	NA	NA	NA	NA	NA	NA	NA	NA	NA	NA	NA	NA	NA	NA	NA	NA	NA	NA	NA	NA	NA	NA	NA	NA	DSC_0084-DSC_085	1,649	Small	TRUE	offspring	NA	NA	NA	NA	NA	NA	NA	praehirsuta
E5067	O23-2	5067	M6-6	19/06/2024	19/08/2024	F	NA	NA	NA	NA	NA	NA	NA	NA	NA	NA	NA	NA	NA	NA	NA	NA	NA	NA	NA	NA	NA	NA	NA	NA	NA	NA	NA	NA	NA	NA	NA	NA	NA	NA	NA	NA	NA	NA	NA	NA	NA	NA	NA	NA	NA	NA	NA	NA	NA	NA	NA	NA	DSC_086	1,706	Small	TRUE	offspring	NA	NA	NA	NA	NA	NA	NA	praehirsuta
E5068	O23-3	5068	M6-6	19/06/2024	19/08/2024	M	praehirsuta	0	0	1	0	0	0	0	0	1	0	0	0	0	0	0	0	0	0	0	0	0	0	0	0	0	0	0	0	0	0	0	0	12	0	0	12	0	13	0	0	13	0	7	0	0	7	0	4	0	0	4	DSC_087	1,522	Very small	TRUE	offspring	NA	NA	NA	NA	NA	NA	NA	praehirsuta
E5069	O23-4	5069	M6-6	19/06/2024	19/08/2024	F	NA	NA	NA	NA	NA	NA	NA	NA	NA	NA	NA	NA	NA	NA	NA	NA	NA	NA	NA	NA	NA	NA	NA	NA	NA	NA	NA	NA	NA	NA	NA	NA	NA	NA	NA	NA	NA	NA	NA	NA	NA	NA	NA	NA	NA	NA	NA	NA	NA	NA	NA	NA	DSC_088	1,984	Very small	TRUE	offspring	NA	NA	NA	NA	NA	NA	NA	praehirsuta
E5070	O23-5	5070	M6-6	19/06/2024	19/08/2024	F	NA	NA	NA	NA	NA	NA	NA	NA	NA	NA	NA	NA	NA	NA	NA	NA	NA	NA	NA	NA	NA	NA	NA	NA	NA	NA	NA	NA	NA	NA	NA	NA	NA	NA	NA	NA	NA	NA	NA	NA	NA	NA	NA	NA	NA	NA	NA	NA	NA	NA	NA	NA	DSC_089	2,059	Small	TRUE	offspring	NA	NA	NA	NA	NA	NA	NA	praehirsuta
E5071	O24-1	5071	M7-1	19/06/2024	19/08/2024	M	praehirsuta	0	1	0	1	0	0	0	0	2	0	0	1	0	0	0	0	0	0	1	0	0	0	0	0	0	0	1	0	0	1	0	8	36	0	0	44	10	27	5	0	42	9	25	5	0	39	8	17	5	0	30	DSC_090	1,998		TRUE	offspring	NA	NA	NA	NA	NA	NA	NA	praehirsuta
E5072	O24-2	5072	M7-1	19/06/2024	19/08/2024	M	praehirsuta	1	0	0	1	0	0	0	1	3	0	0	1	0	0	0	0	0	0	1	0	0	0	0	0	0	0	0	0	0	0	0	10	23	0	0	33	12	29	5	0	46	13	34	7	0	54	6	14	6	0	26	DSC_091	2,16		TRUE	offspring	NA	NA	NA	NA	NA	NA	NA	praehirsuta
E5073	O24-3	5073	M7-1	19/06/2024	19/08/2024	F	NA	NA	NA	NA	NA	NA	NA	NA	NA	NA	NA	NA	NA	NA	NA	NA	NA	NA	NA	NA	NA	NA	NA	NA	NA	NA	NA	NA	NA	NA	NA	NA	NA	NA	NA	NA	NA	NA	NA	NA	NA	NA	NA	NA	NA	NA	NA	NA	NA	NA	NA	NA	DSC_092	2,592	Slightly bent on photo	TRUE	offspring	NA	NA	NA	NA	NA	NA	NA	praehirsuta
E5074	O24-5	5074	M7-1	19/06/2024	19/08/2024	F	NA	NA	NA	NA	NA	NA	NA	NA	NA	NA	NA	NA	NA	NA	NA	NA	NA	NA	NA	NA	NA	NA	NA	NA	NA	NA	NA	NA	NA	NA	NA	NA	NA	NA	NA	NA	NA	NA	NA	NA	NA	NA	NA	NA	NA	NA	NA	NA	NA	NA	NA	NA	DSC_093	2,724		TRUE	offspring	NA	NA	NA	NA	NA	NA	NA	praehirsuta
E5075	O24-6	5075	M7-1	19/06/2024	19/08/2024	M	praehirsuta	1	0	1	1	0	0	0	0	3	0	0	1	0	0	0	0	0	0	1	0	0	0	0	0	0	0	0	0	0	0	0	6	26	1	0	33	8	32	5	0	45	8	28	6	0	42	8	15	4	0	27	DSC_094	1,909		TRUE	offspring	NA	NA	NA	NA	NA	NA	NA	praehirsuta
E5076	O25-2	5076	M7-1	19/06/2024	19/08/2024	F	NA	NA	NA	NA	NA	NA	NA	NA	NA	NA	NA	NA	NA	NA	NA	NA	NA	NA	NA	NA	NA	NA	NA	NA	NA	NA	NA	NA	NA	NA	NA	NA	NA	NA	NA	NA	NA	NA	NA	NA	NA	NA	NA	NA	NA	NA	NA	NA	NA	NA	NA	NA	DSC_095	1,889	Small	TRUE	offspring	NA	NA	NA	NA	NA	NA	NA	praehirsuta
E5077	O25-4	5077	M7-1	19/06/2024	19/08/2024	F	NA	NA	NA	NA	NA	NA	NA	NA	NA	NA	NA	NA	NA	NA	NA	NA	NA	NA	NA	NA	NA	NA	NA	NA	NA	NA	NA	NA	NA	NA	NA	NA	NA	NA	NA	NA	NA	NA	NA	NA	NA	NA	NA	NA	NA	NA	NA	NA	NA	NA	NA	NA	DSC_096	1,907	Small	TRUE	offspring	NA	NA	NA	NA	NA	NA	NA	praehirsuta
E5078	O25-5	5078	M7-1	19/06/2024	19/08/2024	F	NA	NA	NA	NA	NA	NA	NA	NA	NA	NA	NA	NA	NA	NA	NA	NA	NA	NA	NA	NA	NA	NA	NA	NA	NA	NA	NA	NA	NA	NA	NA	NA	NA	NA	NA	NA	NA	NA	NA	NA	NA	NA	NA	NA	NA	NA	NA	NA	NA	NA	NA	NA	DSC_097	2,315	Two males in the well	TRUE	offspring	NA	NA	NA	NA	NA	NA	NA	praehirsuta
E5079	O25-6	5079	M7-1	19/06/2024	19/08/2024	M	praehirsuta	0	1	0	0	0	0	0	0	1	0	0	0	1	0	0	0	0	0	1	0	0	0	0	0	0	0	2	0	0	2	0	6	26	0	0	32	10	26	4	0	40	7	18	7	0	32	9	17	7	0	33	DSC_098	1,878		TRUE	offspring	NA	NA	NA	NA	NA	NA	NA	praehirsuta
E5080	O25-3	5080	M7-1	19/06/2024	19/08/2024	M	praehirsuta	0	1	0	0	0	0	0	0	1	0	0	1	0	0	0	0	0	0	1	0	0	0	0	0	0	0	0	0	0	0	0	5	>30	6	0	41	7	27	4	0	38	7	21	6	0	34	9	16	7	0	32	DSC_099	1,824		TRUE	offspring	NA	NA	NA	NA	NA	NA	NA	praehirsuta
E5081	O26-1	5081	M7-1	19/06/2024	19/08/2024	F	NA	NA	NA	NA	NA	NA	NA	NA	NA	NA	NA	NA	NA	NA	NA	NA	NA	NA	NA	NA	NA	NA	NA	NA	NA	NA	NA	NA	NA	NA	NA	NA	NA	NA	NA	NA	NA	NA	NA	NA	NA	NA	NA	NA	NA	NA	NA	NA	NA	NA	NA	NA	DSC_0100	1,939	Small and maybe immature male	TRUE	offspring	NA	NA	NA	NA	NA	NA	NA	praehirsuta
E5085	O26-6	5085	M7-1	19/06/2024	19/08/2024	NA	NA	NA	NA	NA	NA	NA	NA	NA	NA	NA	NA	NA	NA	NA	NA	NA	NA	NA	NA	NA	NA	NA	NA	NA	NA	NA	NA	NA	NA	NA	NA	NA	NA	NA	NA	NA	NA	NA	NA	NA	NA	NA	NA	NA	NA	NA	NA	NA	NA	NA	NA	NA	DSC_0105	2,147	"Small and maybe immature male; slightly bent on photo"	TRUE	offspring	NA	NA	NA	NA	NA	NA	NA	praehirsuta
E5090	O27-5	5090	M7-1	19/06/2024	19/08/2024	NA	NA	0	0	0	1	NA	NA	NA	NA	NA	NA	NA	NA	NA	NA	NA	NA	NA	NA	NA	NA	NA	NA	NA	NA	NA	NA	NA	NA	NA	NA	NA	NA	NA	NA	NA	NA	NA	NA	NA	NA	NA	NA	NA	NA	NA	NA	NA	NA	NA	NA	NA	DSC_0110	1,941	Small and maybe a female. No male trait (telson), but maybe immature male	TRUE	offspring	NA	NA	NA	NA	NA	NA	NA	praehirsuta
E5091	O27-6	5091	M7-1	19/06/2024	19/08/2024	NA	NA	0	1	0	0	0	0	0	0	1	0	0	0	1	0	0	0	0	NA	1	0	0	0	0	0	0	NA	NA	NA	NA	NA	0	NA	NA	NA	NA	NA	NA	NA	NA	NA	NA	NA	NA	NA	NA	NA	NA	NA	NA	NA	NA	DSC_0111	2,265	Small and maybe immature male	TRUE	offspring	NA	NA	NA	NA	NA	NA	NA	praehirsuta
E5094	O28-5	5094	M11-1	19/06/2024	20/08/2024	M	forsmani	1	2	0	0	0	0	1	0	4	0	1	1	1	0	0	0	0	0	3	0	0	0	0	0	0	0	0	0	0	0	0	0	0	0	0	0	0	0	0	0	0	0	0	0	0	0	0	0	0	0	0	DSC_0124	2,169		TRUE	offspring	NA	NA	NA	NA	NA	NA	NA	forsmani
E5095r1	O28-6	5095	M11-1	19/06/2024	20/08/2024	M	forsmani	1	1	1	0	0	0	0	0	3	1	1	0	1	0	0	0	0	0	3	0	0	0	0	0	0	0	0	0	0	0	0	0	0	0	0	0	0	0	0	0	0	0	0	0	0	0	0	0	0	0	0	DSC_0125	2,026	Slightly bent on photo	TRUE	offspring	NA	NA	NA	NA	NA	NA	NA	forsmani
E5095r30	O28-6	5095	M11-1	19/06/2024	20/08/2024	M	forsmani	1	1	1	0	0	0	0	0	3	1	1	0	1	0	0	0	0	0	3	0	0	0	0	0	0	0	0	0	0	0	0	0	0	0	0	0	0	0	0	0	0	0	0	0	0	0	0	0	0	0	0	DSC_0125	2,026	Slightly bent on photo	TRUE	offspring	NA	NA	NA	NA	NA	NA	NA	forsmani
E5096	O29-2	5096	M11-1	19/06/2024	20/08/2024	F	NA	NA	NA	NA	NA	NA	NA	NA	NA	NA	NA	NA	NA	NA	NA	NA	NA	NA	NA	NA	NA	NA	NA	NA	NA	NA	NA	NA	NA	NA	NA	NA	NA	NA	NA	NA	NA	NA	NA	NA	NA	NA	NA	NA	NA	NA	NA	NA	NA	NA	NA	NA	DSC_0126	2,585		TRUE	offspring	NA	NA	NA	NA	NA	NA	NA	forsmani
E5097	O29-3	5097	M11-1	19/06/2024	20/08/2024	F	NA	NA	NA	NA	NA	NA	NA	NA	NA	NA	NA	NA	NA	NA	NA	NA	NA	NA	NA	NA	NA	NA	NA	NA	NA	NA	NA	NA	NA	NA	NA	NA	NA	NA	NA	NA	NA	NA	NA	NA	NA	NA	NA	NA	NA	NA	NA	NA	NA	NA	NA	NA	DSC_0127	1,921	Slightly bent on photo	TRUE	offspring	NA	NA	NA	NA	NA	NA	NA	forsmani
E5098	O29-6	5098	M11-1	19/06/2024	20/08/2024	M	forsmani	1	1	1	0	0	0	0	0	3	0	1	1	1	0	0	0	0	0	3	0	0	0	1	0	1	0	0	0	0	0	0	0	0	0	0	0	0	0	0	0	0	0	0	0	0	0	0	0	0	0	0	DSC_0128	1,985		TRUE	offspring	NA	NA	NA	NA	NA	NA	NA	forsmani
E5099	O30-1	5099	M11-1	19/06/2024	20/08/2024	F	NA	NA	NA	NA	NA	NA	NA	NA	NA	NA	NA	NA	NA	NA	NA	NA	NA	NA	NA	NA	NA	NA	NA	NA	NA	NA	NA	NA	NA	NA	NA	NA	NA	NA	NA	NA	NA	NA	NA	NA	NA	NA	NA	NA	NA	NA	NA	NA	NA	NA	NA	NA	DSC_0129	2,178		TRUE	offspring	NA	NA	NA	NA	NA	NA	NA	forsmani
E5100	O30-2	5100	M11-1	19/06/2024	20/08/2024	F	NA	NA	NA	NA	NA	NA	NA	NA	NA	NA	NA	NA	NA	NA	NA	NA	NA	NA	NA	NA	NA	NA	NA	NA	NA	NA	NA	NA	NA	NA	NA	NA	NA	NA	NA	NA	NA	NA	NA	NA	NA	NA	NA	NA	NA	NA	NA	NA	NA	NA	NA	NA	DSC_0130	2,569		TRUE	offspring	NA	NA	NA	NA	NA	NA	NA	forsmani
E5101	O30-3	5101	M11-1	19/06/2024	20/08/2024	F	NA	NA	NA	NA	NA	NA	NA	NA	NA	NA	NA	NA	NA	NA	NA	NA	NA	NA	NA	NA	NA	NA	NA	NA	NA	NA	NA	NA	NA	NA	NA	NA	NA	NA	NA	NA	NA	NA	NA	NA	NA	NA	NA	NA	NA	NA	NA	NA	NA	NA	NA	NA	DSC_0131-DSC_0132	2,456		TRUE	offspring	NA	NA	NA	NA	NA	NA	NA	forsmani
E5102r1	O30-4	5102	M11-1	19/06/2024	20/08/2024	F	NA	NA	NA	NA	NA	NA	NA	NA	NA	NA	NA	NA	NA	NA	NA	NA	NA	NA	NA	NA	NA	NA	NA	NA	NA	NA	NA	NA	NA	NA	NA	NA	NA	NA	NA	NA	NA	NA	NA	NA	NA	NA	NA	NA	NA	NA	NA	NA	NA	NA	NA	NA	DSC_0133	2,097	Slightly bent on photo	TRUE	offspring	NA	NA	NA	NA	NA	NA	NA	forsmani
E5102r30	O30-4	5102	M11-1	19/06/2024	20/08/2024	F	NA	NA	NA	NA	NA	NA	NA	NA	NA	NA	NA	NA	NA	NA	NA	NA	NA	NA	NA	NA	NA	NA	NA	NA	NA	NA	NA	NA	NA	NA	NA	NA	NA	NA	NA	NA	NA	NA	NA	NA	NA	NA	NA	NA	NA	NA	NA	NA	NA	NA	NA	NA	DSC_0133	2,097	Slightly bent on photo	TRUE	offspring	NA	NA	NA	NA	NA	NA	NA	forsmani
E5103	O31-1	5103	M11-1	19/06/2024	20/08/2024	F	NA	NA	NA	NA	NA	NA	NA	NA	NA	NA	NA	NA	NA	NA	NA	NA	NA	NA	NA	NA	NA	NA	NA	NA	NA	NA	NA	NA	NA	NA	NA	NA	NA	NA	NA	NA	NA	NA	NA	NA	NA	NA	NA	NA	NA	NA	NA	NA	NA	NA	NA	NA	DSC_0134	3,018		TRUE	offspring	NA	NA	NA	NA	NA	NA	NA	forsmani
E5104	O31-2	5104	M11-1	19/06/2024	20/08/2024	F	NA	NA	NA	NA	NA	NA	NA	NA	NA	NA	NA	NA	NA	NA	NA	NA	NA	NA	NA	NA	NA	NA	NA	NA	NA	NA	NA	NA	NA	NA	NA	NA	NA	NA	NA	NA	NA	NA	NA	NA	NA	NA	NA	NA	NA	NA	NA	NA	NA	NA	NA	NA	DSC_0135	2,68		TRUE	offspring	NA	NA	NA	NA	NA	NA	NA	forsmani
E5105	O31-3	5105	M11-1	19/06/2024	20/08/2024	M	forsmani	0	2	1	0	0	0	0	0	3	0	2	0	1	0	0	0	0	0	3	0	0	0	0	0	0	0	0	0	0	0	0	0	0	0	0	0	0	0	0	0	0	0	0	0	0	0	0	0	0	0	0	DSC_0136-DSC_0137	2,224		TRUE	offspring	NA	NA	NA	NA	NA	NA	NA	forsmani
E5106	O31-4	5106	M11-1	19/06/2024	20/08/2024	M	forsmani	0	1	2	0	0	0	0	0	3	0	1	1	1	0	0	0	0	0	3	0	0	0	0	0	0	0	0	0	0	0	0	0	0	0	0	0	0	0	0	0	0	0	0	0	0	0	0	0	0	0	0	DSC_0138	1,884		TRUE	offspring	NA	NA	NA	NA	NA	NA	NA	forsmani
E5107	O31-6	5107	M11-1	19/06/2024	20/08/2024	M	forsmani	1	2	0	0	0	0	1	0	4	0	1	1	1	0	0	0	0	1	3	0	0	0	0	0	0	0	0	0	0	0	0	0	0	0	0	0	0	0	0	0	0	0	0	0	0	0	0	0	0	0	0	DSC_0139	2,148		TRUE	offspring	NA	NA	NA	NA	NA	NA	NA	forsmani
E5108	O49-2	5108	M2-6	20/06/2024	20/08/2024	M	praehirsuta	0	1	1	1	0	0	0	1	4	0	0	0	1	0	0	0	0	0	1	0	0	0	0	0	0	0	4	0	0	4	0	7	35	7	0	49	12	>40	10	0	62	13	30	11	0	54	10	27	14	0	51	DSC_0140	2,066		TRUE	offspring	NA	NA	NA	NA	NA	NA	NA	praehirsuta
E5109	O49-3	5109	M2-6	20/06/2024	20/08/2024	M	praehirsuta	0	1	0	1	0	0	0	0	2	0	0	0	2	0	0	0	0	0	2	0	0	0	0	0	0	0	4	0	0	4	0	10	35	1	0	46	11	42	7	1	61	12	42	9	1	64	11	35	8	1	55	DSC_0141	1,944		TRUE	offspring	NA	NA	NA	NA	NA	NA	NA	praehirsuta
E5110	O49-5	5110	M2-6	20/06/2024	20/08/2024	F	NA	NA	NA	NA	NA	NA	NA	NA	NA	NA	NA	NA	NA	NA	NA	NA	NA	NA	NA	NA	NA	NA	NA	NA	NA	NA	NA	NA	NA	NA	NA	NA	NA	NA	NA	NA	NA	NA	NA	NA	NA	NA	NA	NA	NA	NA	NA	NA	NA	NA	NA	NA	DSC_0142	2,569		TRUE	offspring	NA	NA	NA	NA	NA	NA	NA	praehirsuta
E5111	O49-6	5111	M25-6	20/06/2024	20/08/2024	NA	NA	NA	NA	NA	NA	NA	NA	NA	NA	NA	NA	NA	NA	NA	NA	NA	NA	NA	NA	NA	NA	NA	NA	NA	NA	NA	NA	NA	NA	NA	NA	NA	NA	NA	NA	NA	NA	NA	NA	NA	NA	NA	NA	NA	NA	NA	NA	NA	NA	NA	NA	NA	DSC_0143	1,666	"Very small, maybe immature; mother_ID is M2-6 in lab notebook, but COLONY indicated that this individual was not given the right mother. This individual may have spent the night in the cone of the isolation pipette."	TRUE	offspring	NA	NA	NA	NA	NA	NA	NA	praehirsuta
E5112	O50-1	5112	M2-6	20/06/2024	20/08/2024	F	NA	NA	NA	NA	NA	NA	NA	NA	NA	NA	NA	NA	NA	NA	NA	NA	NA	NA	NA	NA	NA	NA	NA	NA	NA	NA	NA	NA	NA	NA	NA	NA	NA	NA	NA	NA	NA	NA	NA	NA	NA	NA	NA	NA	NA	NA	NA	NA	NA	NA	NA	NA	DSC_0144	2,268		TRUE	offspring	NA	NA	NA	NA	NA	NA	NA	praehirsuta
E5113	O50-2	5113	M2-6	20/06/2024	20/08/2024	M	praehirsuta	0	1	0	2	0	0	0	0	3	0	0	0	1	0	0	0	0	0	1	0	0	0	0	0	0	0	8	0	0	8	0	14	>50	5	0	69	18	>50	20	0	88	15	40	19	0	74	16	34	14	1	65	DSC_0145	2,238		TRUE	offspring	NA	NA	NA	NA	NA	NA	NA	praehirsuta
E5114	O50-4	5114	M2-6	20/06/2024	20/08/2024	F	NA	NA	NA	NA	NA	NA	NA	NA	NA	NA	NA	NA	NA	NA	NA	NA	NA	NA	NA	NA	NA	NA	NA	NA	NA	NA	NA	NA	NA	NA	NA	NA	NA	NA	NA	NA	NA	NA	NA	NA	NA	NA	NA	NA	NA	NA	NA	NA	NA	NA	NA	NA	DSC_0146-DSC_0147	2,602		TRUE	offspring	NA	NA	NA	NA	NA	NA	NA	praehirsuta
E5115b	O50-5	5115	M2-6	20/06/2024	20/08/2024	F	NA	NA	NA	NA	NA	NA	NA	NA	NA	NA	NA	NA	NA	NA	NA	NA	NA	NA	NA	NA	NA	NA	NA	NA	NA	NA	NA	NA	NA	NA	NA	NA	NA	NA	NA	NA	NA	NA	NA	NA	NA	NA	NA	NA	NA	NA	NA	NA	NA	NA	NA	NA	DSC_0148-DSC_0149	2,865		TRUE	offspring	NA	NA	NA	NA	NA	NA	NA	praehirsuta
E5116	O51-1	5116	M2-6	20/06/2024	20/08/2024	F	NA	NA	NA	NA	NA	NA	NA	NA	NA	NA	NA	NA	NA	NA	NA	NA	NA	NA	NA	NA	NA	NA	NA	NA	NA	NA	NA	NA	NA	NA	NA	NA	NA	NA	NA	NA	NA	NA	NA	NA	NA	NA	NA	NA	NA	NA	NA	NA	NA	NA	NA	NA	DSC_0150	2,471		TRUE	offspring	NA	NA	NA	NA	NA	NA	NA	praehirsuta
E5117	O51-2	5117	M2-6	20/06/2024	20/08/2024	M	praehirsuta	0	1	0	2	0	0	0	0	3	0	0	0	1	0	0	0	0	0	1	0	0	0	0	0	0	0	2	0	0	2	0	9	25	0	0	34	9	33	9	0	51	11	41	12	0	64	12	24	10	0	46	DSC_0151	1,887		TRUE	offspring	NA	NA	NA	NA	NA	NA	NA	praehirsuta
E5118	O53-1	5118	M17-1	20/06/2024	20/08/2024	F	NA	NA	NA	NA	NA	NA	NA	NA	NA	NA	NA	NA	NA	NA	NA	NA	NA	NA	NA	NA	NA	NA	NA	NA	NA	NA	NA	NA	NA	NA	NA	NA	NA	NA	NA	NA	NA	NA	NA	NA	NA	NA	NA	NA	NA	NA	NA	NA	NA	NA	NA	NA	DSC_0152	2,198		TRUE	offspring	NA	NA	NA	NA	NA	NA	NA	forsmani
E5119	O53-2	5119	M17-1	20/06/2024	20/08/2024	M	forsmani	1	0	0	1	0	0	0	0	2	0	1	0	0	0	0	0	0	0	1	0	0	0	0	0	0	0	0	0	0	0	0	0	0	0	0	0	0	0	0	0	0	0	0	0	0	0	0	0	0	0	0	DSC_0153	1,774		TRUE	offspring	NA	NA	NA	NA	NA	NA	NA	forsmani
E5120	O53-3	5120	M17-1	20/06/2024	20/08/2024	F	NA	NA	NA	NA	NA	NA	NA	NA	NA	NA	NA	NA	NA	NA	NA	NA	NA	NA	NA	NA	NA	NA	NA	NA	NA	NA	NA	NA	NA	NA	NA	NA	NA	NA	NA	NA	NA	NA	NA	NA	NA	NA	NA	NA	NA	NA	NA	NA	NA	NA	NA	NA	DSC_0154	2,832		TRUE	offspring	NA	NA	NA	NA	NA	NA	NA	forsmani
E5121	O53-4	5121	M17-1	20/06/2024	20/08/2024	M	forsmani	1	0	0	1	0	0	0	0	2	0	1	0	0	0	0	0	0	0	1	0	0	0	0	0	0	0	0	0	0	0	0	0	0	0	0	0	0	0	0	0	0	0	0	0	0	0	0	0	0	0	0	DSC_0155	1,988		TRUE	offspring	NA	NA	NA	NA	NA	NA	NA	forsmani
E5122	O53-5	5122	M17-1	20/06/2024	20/08/2024	F	NA	NA	NA	NA	NA	NA	NA	NA	NA	NA	NA	NA	NA	NA	NA	NA	NA	NA	NA	NA	NA	NA	NA	NA	NA	NA	NA	NA	NA	NA	NA	NA	NA	NA	NA	NA	NA	NA	NA	NA	NA	NA	NA	NA	NA	NA	NA	NA	NA	NA	NA	NA	DSC_0156	2,213		TRUE	offspring	NA	NA	NA	NA	NA	NA	NA	forsmani
E5123	O53-6	5123	M17-1	20/06/2024	20/08/2024	F	NA	NA	NA	NA	NA	NA	NA	NA	NA	NA	NA	NA	NA	NA	NA	NA	NA	NA	NA	NA	NA	NA	NA	NA	NA	NA	NA	NA	NA	NA	NA	NA	NA	NA	NA	NA	NA	NA	NA	NA	NA	NA	NA	NA	NA	NA	NA	NA	NA	NA	NA	NA	DSC_0157	2,222		TRUE	offspring	NA	NA	NA	NA	NA	NA	NA	forsmani
E5124	O54-1	5124	M17-1	20/06/2024	20/08/2024	M	forsmani	0	2	0	0	0	0	0	0	2	0	1	0	0	0	0	0	0	0	1	0	0	0	0	0	0	0	0	0	0	0	0	0	0	0	0	0	0	0	0	0	0	0	0	0	0	0	0	0	0	0	0	DSC_0158	1,921		TRUE	offspring	NA	NA	NA	NA	NA	NA	NA	forsmani
E5125	O54-2	5125	M17-1	20/06/2024	20/08/2024	M	forsmani	0	1	0	1	0	0	0	0	2	0	1	0	0	0	0	0	0	0	1	0	0	0	0	0	0	0	0	0	0	0	0	0	0	0	0	0	0	0	0	0	0	0	0	0	0	0	0	0	0	0	0	DSC_0159	1,998		TRUE	offspring	NA	NA	NA	NA	NA	NA	NA	forsmani
E5126	O54-4	5126	M17-1	20/06/2024	20/08/2024	F	NA	NA	NA	NA	NA	NA	NA	NA	NA	NA	NA	NA	NA	NA	NA	NA	NA	NA	NA	NA	NA	NA	NA	NA	NA	NA	NA	NA	NA	NA	NA	NA	NA	NA	NA	NA	NA	NA	NA	NA	NA	NA	NA	NA	NA	NA	NA	NA	NA	NA	NA	NA	DSC_0160	2,384		TRUE	offspring	NA	NA	NA	NA	NA	NA	NA	forsmani
E5128	O54-6	5128	M17-1	20/06/2024	20/08/2024	M	forsmani	0	1	0	1	0	0	0	0	2	0	1	0	1	0	0	0	0	0	2	0	0	0	0	0	0	0	0	0	0	0	0	0	0	0	0	0	0	0	0	0	0	0	0	0	0	0	0	0	0	0	0	DSC_0162	1,927		TRUE	offspring	NA	NA	NA	NA	NA	NA	NA	forsmani
E5129	O55-1	5129	M17-1	20/06/2024	20/08/2024	F	NA	NA	NA	NA	NA	NA	NA	NA	NA	NA	NA	NA	NA	NA	NA	NA	NA	NA	NA	NA	NA	NA	NA	NA	NA	NA	NA	NA	NA	NA	NA	NA	NA	NA	NA	NA	NA	NA	NA	NA	NA	NA	NA	NA	NA	NA	NA	NA	NA	NA	NA	NA	DSC_0163	1,957	Small	TRUE	offspring	NA	NA	NA	NA	NA	NA	NA	forsmani
E5130	O56-1	5130	M19-6	20/06/2024	20/08/2024	M	forsmani	1	1	1	0	0	1	0	0	4	0	2	1	0	0	1	0	0	0	4	0	0	0	1	0	1	0	0	0	0	0	1	0	0	0	0	0	0	0	0	0	0	0	0	0	0	0	0	0	0	0	0	DSC_0164	2,305		TRUE	offspring	NA	NA	NA	NA	NA	NA	NA	forsmani
E5131	O56-2	5131	M19-6	20/06/2024	20/08/2024	M	forsmani	1	1	0	0	0	0	0	0	2	1	2	0	0	0	0	0	0	0	3	0	0	0	0	0	0	0	0	0	0	0	0	0	0	0	0	0	0	0	0	0	0	0	0	0	0	0	0	0	0	0	0	DSC_0165	1,771		TRUE	offspring	NA	NA	NA	NA	NA	NA	NA	forsmani
E5132	O56-3	5132	M19-6	20/06/2024	20/08/2024	M	forsmani	1	1	1	0	0	0	1	0	4	0	1	1	1	0	0	0	1	0	4	0	0	0	1	0	1	0	0	1	0	1	0	0	0	0	0	0	0	0	0	0	0	0	0	0	0	0	0	0	0	0	0	DSC_0166	2,039	Slightly bent on photo	TRUE	offspring	NA	NA	NA	NA	NA	NA	NA	forsmani
E5133	O56-4	5133	M19-6	20/06/2024	20/08/2024	F	NA	0	0	1	0	0	0	0	0	1	0	0	1	0	0	0	0	0	NA	1	0	0	1	0	0	1	NA	NA	NA	NA	NA	1	NA	NA	NA	NA	NA	NA	NA	NA	NA	NA	NA	NA	NA	NA	NA	NA	NA	NA	NA	NA	DSC_0167	2,124		TRUE	offspring	NA	NA	NA	NA	NA	NA	NA	forsmani
E5134	O56-5	5134	M19-6	20/06/2024	20/08/2024	M	forsmani	0	1	1	0	0	0	1	0	3	0	1	1	0	0	0	0	0	0	2	0	0	0	1	0	1	0	0	0	0	0	0	0	0	0	0	0	0	0	0	0	0	0	0	0	0	0	0	0	0	0	0	DSC_0168	1,861		TRUE	offspring	NA	NA	NA	NA	NA	NA	NA	forsmani
E5135	O56-6	5135	M19-6	20/06/2024	20/08/2024	M	forsmani	0	2	0	0	0	1	0	0	3	0	1	0	0	0	0	1	0	0	2	0	0	0	0	0	0	0	0	0	0	0	0	0	0	0	0	0	0	0	0	0	0	0	0	0	0	0	0	0	0	0	0	DSC_0169	1,952		TRUE	offspring	NA	NA	NA	NA	NA	NA	NA	forsmani
E5136	O57-1	5136	M19-6	20/06/2024	20/08/2024	F	NA	0	0	1	0	0	0	0	0	1	0	0	1	0	0	0	0	0	NA	1	0	0	1	0	0	1	NA	NA	NA	NA	NA	0	NA	NA	NA	NA	NA	NA	NA	NA	NA	NA	NA	NA	NA	NA	NA	NA	NA	NA	NA	NA	DSC_0170	1,977		TRUE	offspring	NA	NA	NA	NA	NA	NA	NA	forsmani
E5137	O57-3	5137	M19-6	20/06/2024	20/08/2024	M	forsmani	1	2	0	0	0	0	0	1	4	1	0	1	1	0	0	0	0	0	3	0	0	0	1	0	1	0	0	0	0	0	0	0	0	0	0	0	0	0	0	0	0	0	0	0	0	0	0	0	0	0	0	DSC_0171	1,949		TRUE	offspring	NA	NA	NA	NA	NA	NA	NA	forsmani
E5138	O57-4	5138	M19-6	20/06/2024	20/08/2024	M	forsmani	1	0	1	0	0	1	0	0	3	1	0	1	0	0	0	0	0	0	2	0	0	0	1	0	1	0	0	0	0	0	0	0	0	0	0	0	0	0	0	0	0	0	0	0	0	0	0	0	0	0	0	DSC_0172	1,896		TRUE	offspring	NA	NA	NA	NA	NA	NA	NA	forsmani
E5139	O57-6	5139	M19-6	20/06/2024	20/08/2024	F	NA	0	1	0	0	0	0	0	0	1	0	1	0	0	0	0	0	0	NA	1	0	0	0	1	0	1	NA	NA	NA	NA	NA	0	NA	NA	NA	NA	NA	NA	NA	NA	NA	NA	NA	NA	NA	NA	NA	NA	NA	NA	NA	NA	DSC_0173	2,017		TRUE	offspring	NA	NA	NA	NA	NA	NA	NA	forsmani
E5140	O58-2	5140	M19-6	20/06/2024	20/08/2024	M	forsmani	0	3	0	0	0	1	0	0	4	0	2	1	0	0	0	0	0	0	3	0	0	0	1	0	1	0	0	0	0	0	0	0	0	0	0	0	0	0	0	0	0	0	0	0	0	0	0	0	0	0	0	DSC_0174	1,907		TRUE	offspring	NA	NA	NA	NA	NA	NA	NA	forsmani
E5142	O32-3	5142	M12-1	19/06/2024	20/08/2024	F	NA	0	0	1	0	0	0	0	0	1	0	0	0	1	0	0	0	0	NA	1	0	0	0	0	0	0	NA	NA	NA	NA	NA	0	NA	NA	NA	NA	NA	NA	NA	NA	NA	NA	NA	NA	NA	NA	NA	NA	NA	NA	NA	NA	DSC_0176	2,79		TRUE	offspring	NA	NA	NA	NA	NA	NA	NA	praehirsuta
E5143	O32-5	5143	M12-1	19/06/2024	20/08/2024	F	NA	0	0	1	0	0	0	0	0	1	0	0	0	1	0	0	0	0	NA	1	0	0	0	0	0	0	NA	NA	NA	NA	NA	0	NA	NA	NA	NA	NA	NA	NA	NA	NA	NA	NA	NA	NA	NA	NA	NA	NA	NA	NA	NA	DSC_0177	3,127		TRUE	offspring	NA	NA	NA	NA	NA	NA	NA	praehirsuta
E5144	O32-6	5144	M12-1	19/06/2024	20/08/2024	M	praehirsuta	1	0	1	0	0	0	0	0	2	0	0	1	1	0	0	0	0	0	2	0	0	0	0	0	0	0	0	0	0	0	0	10	40	1	1	52	13	>40	9	1	63	12	>40	11	0	63	15	27	11	0	53	DSC_0178	2,064	Slightly bent on photo	TRUE	offspring	NA	NA	NA	NA	NA	NA	NA	praehirsuta
E5145r1	O59-2	5145	M20-1	21/06/2024	21/08/2024	M	praehirsuta	0	1	0	1	0	0	0	0	2	0	0	0	1	0	0	0	0	0	1	0	0	0	0	0	0	0	0	0	0	0	0	12	34	3	0	49	13	39	7	0	59	11	29	7	0	47	10	27	9	0	46	DSC_0179	1,947		TRUE	offspring	NA	NA	NA	NA	NA	NA	NA	praehirsuta
E5145r30	O59-2	5145	M20-1	21/06/2024	21/08/2024	M	praehirsuta	0	1	0	1	0	0	0	0	2	0	0	0	1	0	0	0	0	0	1	0	0	0	0	0	0	0	0	0	0	0	0	12	34	3	0	49	13	39	7	0	59	11	29	7	0	47	10	27	9	0	46	DSC_0179	1,947		TRUE	offspring	NA	NA	NA	NA	NA	NA	NA	praehirsuta
E5146	O59-3	5146	M20-1	21/06/2024	21/08/2024	M	praehirsuta	1	1	0	0	0	0	0	0	2	0	0	1	0	0	0	0	0	0	1	0	0	0	0	0	0	0	0	0	0	0	0	9	37	5	0	51	11	41	9	0	61	8	31	8	0	47	8	21	10	0	39	DSC_0180	1,9		TRUE	offspring	NA	NA	NA	NA	NA	NA	NA	praehirsuta
E5147	O59-4	5147	M20-1	21/06/2024	21/08/2024	F	NA	0	0	1	0	0	0	0	0	1	0	0	0	1	0	0	0	0	NA	1	NA	NA	NA	NA	NA	NA	NA	NA	NA	NA	NA	NA	NA	NA	NA	NA	NA	NA	NA	NA	NA	NA	NA	NA	NA	NA	NA	NA	NA	NA	NA	NA	DSC_0181	2,577		TRUE	offspring	NA	NA	NA	NA	NA	NA	NA	praehirsuta
E5148	O59-6	5148	M20-1	21/06/2024	21/08/2024	M	praehirsuta	1	0	0	0	0	0	0	0	1	0	0	0	1	0	0	0	0	0	1	0	0	0	0	0	0	0	0	0	0	0	0	7	30	1	0	38	6	26	5	0	37	9	25	6	0	40	9	26	6	0	41	DSC_0182	1,927		TRUE	offspring	NA	NA	NA	NA	NA	NA	NA	praehirsuta
E5149	O60-1	5149	M20-1	21/06/2024	21/08/2024	M	praehirsuta	0	1	1	0	0	0	0	0	2	0	0	0	1	0	0	0	0	0	1	0	0	0	0	0	0	0	0	0	0	0	0	10	40	1	0	51	10	35	8	0	53	11	35	10	0	56	9	22	12	0	43	DSC_0183	1,665	Slightly bent on photo	TRUE	offspring	NA	NA	NA	NA	NA	NA	NA	praehirsuta
E5150	O60-3	5150	M20-1	21/06/2024	21/08/2024	M	praehirsuta	0	1	0	1	0	0	0	0	2	0	0	0	1	0	0	0	0	0	1	0	0	0	0	0	0	0	0	0	0	0	0	8	36	3	0	47	11	38	7	0	56	10	33	8	0	51	8	20	9	0	37	DSC_0184	2,129		TRUE	offspring	NA	NA	NA	NA	NA	NA	NA	praehirsuta
E5151	O60-5	5151	M20-1	21/06/2024	21/08/2024	M	praehirsuta	0	2	0	0	0	0	0	1	3	0	0	0	1	0	0	0	0	0	1	0	0	0	0	0	0	0	0	0	0	0	0	14	43	2	0	59	14	34	7	0	55	11	30	9	0	50	9	20	6	0	35	DSC_0185	1,821		TRUE	offspring	NA	NA	NA	NA	NA	NA	NA	praehirsuta
E5152	O60-6	5152	M20-1	21/06/2024	21/08/2024	M	praehirsuta	0	1	1	0	0	0	0	0	2	0	0	0	1	0	0	0	0	0	1	0	0	0	0	0	0	0	8	0	0	8	0	10	35	4	0	49	9	36	7	0	52	10	30	8	0	48	9	19	8	0	36	DSC_0186	1,844	very large setae	TRUE	offspring	NA	NA	NA	NA	NA	NA	NA	praehirsuta
E5153	O61-1	5153	M20-1	21/06/2024	21/08/2024	F	NA	0	0	1	0	0	0	0	0	1	0	0	0	1	0	0	0	0	NA	1	0	0	0	0	0	0	NA	NA	NA	NA	NA	0	NA	NA	NA	NA	NA	NA	NA	NA	NA	NA	NA	NA	NA	NA	NA	NA	NA	NA	NA	NA	DSC_0187	2,794		TRUE	offspring	NA	NA	NA	NA	NA	NA	NA	praehirsuta
E5154	O61-2	5154	M20-1	21/06/2024	21/08/2024	M	praehirsuta	1	0	1	0	0	0	0	0	2	0	0	0	1	0	0	0	0	0	1	0	0	0	0	0	0	0	2	0	0	2	0	9	38	2	0	49	NA	NA	NA	NA	NA	8	NA	8	NA	NA	NA	NA	NA	NA	NA	DSC_0188	1,944	Curled up, impossible to count	TRUE	offspring	NA	NA	NA	NA	NA	NA	NA	praehirsuta
E5155	O33-1	5155	M12-1	19/06/2024	21/08/2024	F	NA	0	0	0	1	0	0	0	0	1	0	0	0	1	0	0	0	0	NA	1	0	0	0	0	0	0	NA	NA	NA	NA	NA	0	NA	NA	NA	NA	NA	NA	NA	NA	NA	NA	NA	NA	NA	NA	NA	NA	NA	NA	NA	NA	DSC_0189	2,036		TRUE	offspring	NA	NA	NA	NA	NA	NA	NA	praehirsuta
E5156	O33-2	5156	M12-1	19/06/2024	21/08/2024	F	NA	0	0	1	0	0	0	0	0	1	0	0	0	0	0	0	0	0	NA	0	0	0	0	0	0	0	NA	NA	NA	NA	NA	0	NA	NA	NA	NA	NA	NA	NA	NA	NA	NA	NA	NA	NA	NA	NA	NA	NA	NA	NA	NA	DSC_0190	2,135		TRUE	offspring	NA	NA	NA	NA	NA	NA	NA	praehirsuta
E5158	O33-4	5158	M12-1	19/06/2024	21/08/2024	M	praehirsuta	1	0	1	0	0	0	0	0	2	0	0	1	0	0	0	0	0	0	1	0	0	0	0	0	0	0	0	0	0	0	0	8	37	0	0	45	10	30	6	0	46	13	23	8	0	44	13	20	10	0	43	DSC_0192	2,015		TRUE	offspring	NA	NA	NA	NA	NA	NA	NA	praehirsuta
E5160	O34-1	5160	M12-1	19/06/2024	21/08/2024	M	praehirsuta	1	0	1	0	0	0	0	0	2	0	0	0	1	0	0	0	0	0	1	0	0	0	0	0	0	0	1	0	0	1	0	9	39	2	0	50	15	34	6	0	55	10	30	8	0	48	12	18	7	0	37	DSC_0196	1,887		TRUE	offspring	NA	NA	NA	NA	NA	NA	NA	praehirsuta
E5162	O34-3	5162	M12-1	19/06/2024	21/08/2024	F	NA	0	1	0	0	0	0	0	0	1	0	0	0	1	0	0	0	0	NA	1	0	0	0	1	0	1	NA	NA	NA	NA	NA	0	NA	NA	NA	NA	NA	NA	NA	NA	NA	NA	NA	NA	NA	NA	NA	NA	NA	NA	NA	NA	DSC_0198	2,518		TRUE	offspring	NA	NA	NA	NA	NA	NA	NA	praehirsuta
E5164r1	O34-5	5164	M12-1	19/06/2024	21/08/2024	M	praehirsuta	1	1	0	0	0	0	0	0	2	0	1	0	0	0	0	0	0	0	1	0	0	0	0	0	0	0	1	0	0	1	0	10	21	1	0	32	10	25	4	0	39	10	25	8	0	43	10	14	7	0	31	DSC_0200	1,967		TRUE	offspring	NA	NA	NA	NA	NA	NA	NA	praehirsuta
E5164r20	O34-5	5164	M12-1	19/06/2024	21/08/2024	M	praehirsuta	1	1	0	0	0	0	0	0	2	0	1	0	0	0	0	0	0	0	1	0	0	0	0	0	0	0	1	0	0	1	0	10	21	1	0	32	10	25	4	0	39	10	25	8	0	43	10	14	7	0	31	DSC_0200	1,967		TRUE	offspring	NA	NA	NA	NA	NA	NA	NA	praehirsuta
E5166	O35-1	5166	M12-1	19/06/2024	21/08/2024	M	praehirsuta	0	1	0	1	0	0	0	0	2	0	1	0	0	0	0	0	0	0	1	0	0	0	0	0	0	0	0	0	0	0	0	9	29	7	0	45	8	25	6	0	39	10	24	7	0	41	8	28	5	0	41	DSC_0202	1,979	Slightly bent on photo	TRUE	offspring	NA	NA	NA	NA	NA	NA	NA	praehirsuta
E5167	O35-3	5167	M12-1	19/06/2024	21/08/2024	F	NA	0	1	0	0	0	0	0	0	1	0	0	0	1	0	0	0	0	NA	1	0	0	0	0	0	0	NA	NA	NA	NA	NA	0	NA	NA	NA	NA	NA	NA	NA	NA	NA	NA	NA	NA	NA	NA	NA	NA	NA	NA	NA	NA	DSC_0203	2,402		TRUE	offspring	NA	NA	NA	NA	NA	NA	NA	praehirsuta
E5170	O35-6	5170	M12-1	19/06/2024	21/08/2024	M	praehirsuta	1	0	0	1	0	0	0	0	2	0	0	0	1	0	0	0	0	0	1	0	0	0	0	0	0	0	1	0	0	1	0	7	35	7	0	49	10	35	7	0	52	9	27	8	0	44	9	21	6	0	36	DSC_0206	1,856	Slightly bent on photo	TRUE	offspring	NA	NA	NA	NA	NA	NA	NA	praehirsuta
E5171	O36-1	5171	M13-6	19/06/2024	21/08/2024	F	NA	0	1	0	0	0	0	0	0	1	0	0	1	0	0	0	0	0	NA	1	0	0	0	0	0	0	NA	NA	NA	NA	NA	0	NA	NA	NA	NA	NA	NA	NA	NA	NA	NA	NA	NA	NA	NA	NA	NA	NA	NA	NA	NA	DSC_0207-DSC_0208	2,906		TRUE	offspring	NA	NA	NA	NA	NA	NA	NA	forsmani
E5172	O36-2	5172	M13-6	19/06/2024	21/08/2024	F	NA	0	1	0	0	0	0	0	0	1	0	1	0	0	0	0	0	0	NA	1	0	0	0	0	0	0	NA	NA	NA	NA	NA	0	NA	NA	NA	NA	NA	NA	NA	NA	NA	NA	NA	NA	NA	NA	NA	NA	NA	NA	NA	NA	DSC_0209	2,701		TRUE	offspring	NA	NA	NA	NA	NA	NA	NA	forsmani
E5173	O36-3	5173	M13-6	19/06/2024	21/08/2024	F	NA	0	1	0	0	0	0	0	0	1	0	0	1	0	0	0	0	0	NA	1	0	0	0	1	0	1	NA	NA	NA	NA	NA	0	NA	NA	NA	NA	NA	NA	NA	NA	NA	NA	NA	NA	NA	NA	NA	NA	NA	NA	NA	NA	DSC_0210	2,275	"Small female; slightly bent on photo"	TRUE	offspring	NA	NA	NA	NA	NA	NA	NA	forsmani
E5174	O36-4	5174	M13-6	19/06/2024	21/08/2024	M	forsmani	1	0	2	0	0	0	0	1	4	1	0	1	1	0	0	0	0	0	3	0	0	0	0	0	0	0	0	0	0	0	0	0	0	0	0	0	0	0	0	0	0	0	0	0	0	0	0	0	0	0	0	DSC_0211	NA	Drop of water on end of telson	TRUE	offspring	NA	NA	NA	NA	NA	NA	NA	forsmani
E5175	O36-5	5175	M13-6	19/06/2024	21/08/2024	F	NA	0	1	0	0	0	0	0	0	1	0	1	0	0	0	0	0	0	NA	1	0	0	0	0	0	0	NA	NA	NA	NA	NA	0	NA	NA	NA	NA	NA	NA	NA	NA	NA	NA	NA	NA	NA	NA	NA	NA	NA	NA	NA	NA	DSC_0212	1,929		TRUE	offspring	NA	NA	NA	NA	NA	NA	NA	forsmani
E5176	O37-1	5176	M13-6	19/06/2024	22/08/2024	F	NA	0	1	0	1	0	0	0	0	2	0	1	0	0	0	0	0	0	NA	1	0	0	0	0	0	0	NA	NA	NA	NA	NA	0	NA	NA	NA	NA	NA	NA	NA	NA	NA	NA	NA	NA	NA	NA	NA	NA	NA	NA	NA	NA	DSC_0213	2,34	small Female	TRUE	offspring	NA	NA	NA	NA	NA	NA	NA	forsmani
E5177	O37-2	5177	M13-6	19/06/2024	22/08/2024	F	NA	0	1	0	0	0	0	0	0	1	0	1	0	0	0	0	0	0	NA	1	0	0	0	0	0	0	NA	NA	NA	NA	NA	0	NA	NA	NA	NA	NA	NA	NA	NA	NA	NA	NA	NA	NA	NA	NA	NA	NA	NA	NA	NA	DSC_0214	1,921	small Female	TRUE	offspring	NA	NA	NA	NA	NA	NA	NA	forsmani
E5178b	O37-3	5178	M13-6	19/06/2024	22/08/2024	F	NA	0	1	1	0	0	0	0	0	2	0	1	0	0	0	0	0	0	NA	1	0	0	0	0	0	0	NA	NA	NA	NA	NA	0	NA	NA	NA	NA	NA	NA	NA	NA	NA	NA	NA	NA	NA	NA	NA	NA	NA	NA	NA	NA	DSC_0215	2,764		TRUE	offspring	NA	NA	NA	NA	NA	NA	NA	forsmani
E5179	O37-4	5179	M13-6	19/06/2024	22/08/2024	M	forsmani	0	3	0	1	0	1	0	0	5	0	1	0	2	0	0	0	0	0	3	0	0	0	0	0	0	0	0	0	0	0	0	0	0	0	0	0	0	0	0	0	0	0	0	0	0	0	0	0	0	0	0	DSC_0216	2,305	Slightly bent on photo	TRUE	offspring	NA	NA	NA	NA	NA	NA	NA	forsmani
E5181	O37-6	5181	M13-6	19/06/2024	22/08/2024	M	forsmani	2	0	0	0	0	0	0	0	2	0	1	2	0	0	0	0	0	0	3	0	0	0	0	0	0	0	0	0	0	0	0	0	0	0	0	0	0	0	0	0	0	0	0	0	0	0	0	0	0	0	0	DSC_0218	1,998		TRUE	offspring	NA	NA	NA	NA	NA	NA	NA	forsmani
E5182	O38-1	5182	M13-6	19/06/2024	22/08/2024	M	forsmani	1	2	0	0	0	0	1	0	4	1	0	0	2	0	0	0	0	0	3	0	0	0	0	0	0	0	0	0	0	0	0	0	0	0	0	0	0	0	0	0	0	0	0	0	0	0	0	0	0	0	0	DSC_0219	2,034	Slightly bent on photo	TRUE	offspring	NA	NA	NA	NA	NA	NA	NA	forsmani
E5183	O38-2	5183	M13-6	19/06/2024	22/08/2024	F	NA	0	1	0	0	0	0	0	0	1	0	0	0	1	0	0	0	0	NA	1	0	0	0	0	0	0	NA	NA	NA	NA	NA	0	NA	NA	NA	NA	NA	NA	NA	NA	NA	NA	NA	NA	NA	NA	NA	NA	NA	NA	NA	NA	DSC_0220	2,403		TRUE	offspring	NA	NA	NA	NA	NA	NA	NA	forsmani
E5184r1	O39-3	5184	M18-1	19/06/2024	22/08/2024	F	NA	0	0	1	0	0	0	0	0	1	0	0	0	1	0	0	0	0	NA	1	0	0	0	0	0	0	NA	NA	NA	NA	NA	0	NA	NA	NA	NA	NA	NA	NA	NA	NA	NA	NA	NA	NA	NA	NA	NA	NA	NA	NA	NA	DSC_0221	2,266		TRUE	offspring	NA	NA	NA	NA	NA	NA	NA	praehirsuta
E5184r30	O39-3	5184	M18-1	19/06/2024	22/08/2024	F	NA	0	0	1	0	0	0	0	0	1	0	0	0	1	0	0	0	0	NA	1	0	0	0	0	0	0	NA	NA	NA	NA	NA	0	NA	NA	NA	NA	NA	NA	NA	NA	NA	NA	NA	NA	NA	NA	NA	NA	NA	NA	NA	NA	DSC_0221	2,266		TRUE	offspring	NA	NA	NA	NA	NA	NA	NA	praehirsuta
E5185	O39-5	5185	M18-1	19/06/2024	22/08/2024	M	praehirsuta	0	1	0	0	0	0	0	0	1	0	0	0	1	0	0	0	0	0	1	0	0	0	0	0	0	0	0	0	0	0	0	5	35	2	0	42	10	40	2	0	52	10	32	5	0	47	8	30	5	0	43	DSC_0222	1,73		TRUE	offspring	NA	NA	NA	NA	NA	NA	NA	praehirsuta
E5186	O39-6	5186	M18-1	19/06/2024	22/08/2024	M	praehirsuta	0	1	1	0	0	0	0	0	2	0	1	0	0	0	0	0	0	0	1	0	0	0	0	0	0	0	3	0	0	3	0	10	35	1	0	46	10	32	7	0	49	9	27	8	0	44	10	22	8	0	40	DSC_0223	2,036		TRUE	offspring	NA	NA	NA	NA	NA	NA	NA	praehirsuta
E5187	O40-3	5187	M18-1	19/06/2024	22/08/2024	M	praehirsuta	0	1	0	0	0	0	0	0	1	0	0	0	1	0	0	0	0	0	1	0	0	0	0	0	0	0	0	0	0	0	0	6	16	1	0	23	10	21	1	0	32	9	22	2	0	33	6	19	4	0	29	DSC_0224	1,62	curled up, hard to count shorts setaes	TRUE	offspring	NA	NA	NA	NA	NA	NA	NA	praehirsuta
E5189	O42-4	5189	M19-1	19/06/2024	22/08/2024	F	NA	0	1	0	0	0	0	0	0	1	0	1	0	0	0	0	0	0	NA	1	0	0	0	0	0	0	NA	NA	NA	NA	NA	0	NA	NA	NA	NA	NA	NA	NA	NA	NA	NA	NA	NA	NA	NA	NA	NA	NA	NA	NA	NA	DSC_0226	2,552		TRUE	offspring	NA	NA	NA	NA	NA	NA	NA	forsmani
E5191	O43-1	5191	M19-1	19/06/2024	22/08/2024	F	NA	0	1	0	0	0	0	0	0	1	0	1	0	0	0	0	0	0	NA	1	0	0	0	0	0	0	NA	NA	NA	NA	NA	0	NA	NA	NA	NA	NA	NA	NA	NA	NA	NA	NA	NA	NA	NA	NA	NA	NA	NA	NA	NA	DSC_0228	2,602	Slightly bent on photo	TRUE	offspring	NA	NA	NA	NA	NA	NA	NA	forsmani
E5192	O43-2	5192	M19-1	19/06/2024	22/08/2024	M	forsmani	1	2	0	0	1	0	1	0	5	0	1	2	0	0	0	0	0	0	3	0	0	0	1	0	1	0	0	0	0	0	0	0	0	0	0	0	0	0	0	0	0	0	1	1	0	2	0	3	3	0	6	DSC_0229	NA	Bubble on telson	TRUE	offspring	NA	NA	NA	NA	NA	NA	NA	forsmani
E5193	O43-3	5193	M19-1	19/06/2024	22/08/2024	F	NA	0	1	0	0	0	0	0	0	1	0	0	1	0	0	0	0	0	NA	1	0	0	0	0	0	0	NA	NA	NA	NA	NA	0	NA	NA	NA	NA	NA	NA	NA	NA	NA	NA	NA	NA	NA	NA	NA	NA	NA	NA	NA	NA	DSC_0230	2,821		TRUE	offspring	NA	NA	NA	NA	NA	NA	NA	forsmani
E5194	O43-5	5194	M19-1	19/06/2024	22/08/2024	F	NA	0	1	0	0	0	0	0	0	1	0	0	1	0	0	0	0	0	NA	1	0	0	0	0	0	0	NA	NA	NA	NA	NA	0	NA	NA	NA	NA	NA	NA	NA	NA	NA	NA	NA	NA	NA	NA	NA	NA	NA	NA	NA	NA	DSC_0231	1,668	"female or immature; very small; slightly bent on photo"	TRUE	offspring	NA	NA	NA	NA	NA	NA	NA	forsmani
E5195	O43-6	5195	M19-1	19/06/2024	22/08/2024	F	NA	0	0	1	0	0	0	0	0	1	0	0	1	0	0	0	0	0	NA	1	0	0	0	0	0	0	NA	NA	NA	NA	NA	0	NA	NA	NA	NA	NA	NA	NA	NA	NA	NA	NA	NA	NA	NA	NA	NA	NA	NA	NA	NA	DSC_0232	1,83	"female or immature; small"	TRUE	offspring	NA	NA	NA	NA	NA	NA	NA	forsmani
E5196	O44-1	5196	M19-1	19/06/2024	22/08/2024	M	forsmani	1	1	1	0	0	1	0	0	4	1	1	1	0	0	0	0	0	0	3	0	0	0	0	0	0	0	0	0	0	0	0	0	0	0	0	0	0	0	0	0	0	0	0	0	0	0	0	0	0	0	0	DSC_0233	2,363		TRUE	offspring	NA	NA	NA	NA	NA	NA	NA	forsmani
E5197r1	O44-2	5197	M19-1	19/06/2024	22/08/2024	F	NA	0	1	0	0	0	0	0	0	1	0	0	1	0	0	0	0	0	NA	1	0	0	0	0	0	0	NA	NA	NA	NA	NA	0	NA	NA	NA	NA	NA	NA	NA	NA	NA	NA	NA	NA	NA	NA	NA	NA	NA	NA	NA	NA	DSC_0234	3,032	Slightly bent on photo	TRUE	offspring	NA	NA	NA	NA	NA	NA	NA	forsmani
E5197r20	O44-2	5197	M19-1	19/06/2024	22/08/2024	F	NA	0	1	0	0	0	0	0	0	1	0	0	1	0	0	0	0	0	NA	1	0	0	0	0	0	0	NA	NA	NA	NA	NA	0	NA	NA	NA	NA	NA	NA	NA	NA	NA	NA	NA	NA	NA	NA	NA	NA	NA	NA	NA	NA	DSC_0234	3,032	Slightly bent on photo	TRUE	offspring	NA	NA	NA	NA	NA	NA	NA	forsmani
E5198	O45-1	5198	M25-6	19/06/2024	22/08/2024	M	praehirsuta	0	1	1	1	0	0	0	0	3	0	0	0	1	0	0	0	0	0	1	0	0	0	0	0	0	0	0	0	0	0	0	6	31	2	0	39	7	31	8	0	46	11	40	7	0	58	9	23	5	0	37	DSC_0235	1,947		TRUE	offspring	NA	NA	NA	NA	NA	NA	NA	praehirsuta
E5199	O45-2	5199	M25-6	19/06/2024	22/08/2024	M	praehirsuta	1	0	1	0	0	0	0	0	2	0	0	1	0	0	0	0	0	0	1	0	0	0	0	0	0	0	0	0	0	0	0	4	26	0	0	30	5	29	3	0	37	3	24	4	0	31	NA	NA	NA	NA	NA	DSC_0236	1,863	too curled up for P1	TRUE	offspring	NA	NA	NA	NA	NA	NA	NA	praehirsuta
E5200	O45-3	5200	M25-6	19/06/2024	22/08/2024	M	praehirsuta	0	1	1	0	0	1	0	0	3	0	0	0	2	0	0	0	0	0	2	0	0	0	1	0	1	0	0	0	0	0	0	12	44	0	0	56	18	37	8	0	63	18	38	10	0	66	13	32	10	0	55	DSC_0237	2,154	Slightly bent on photo	TRUE	offspring	NA	NA	NA	NA	NA	NA	NA	praehirsuta
E5201	O45-4	5201	M25-6	19/06/2024	22/08/2024	F	NA	0	1	0	0	0	0	0	0	1	0	0	1	0	0	0	0	0	NA	1	0	0	0	0	0	0	NA	NA	NA	NA	NA	0	NA	NA	NA	NA	NA	NA	NA	NA	NA	NA	NA	NA	NA	NA	NA	NA	NA	NA	NA	NA	DSC_0238	2,477		TRUE	offspring	NA	NA	NA	NA	NA	NA	NA	praehirsuta
E5203	O45-6	5203	M25-6	19/06/2024	22/08/2024	F	NA	0	0	1	0	0	0	0	0	1	0	0	0	1	0	0	0	0	NA	1	0	0	0	0	0	0	NA	NA	NA	NA	NA	0	NA	NA	NA	NA	NA	NA	NA	NA	NA	NA	NA	NA	NA	NA	NA	NA	NA	NA	NA	NA	DSC_0240	3,171	On the back on photo	TRUE	offspring	NA	NA	NA	NA	NA	NA	NA	praehirsuta
E5206	O46-5	5206	M25-6	19/06/2024	22/08/2024	M	praehirsuta	0	1	0	0	0	0	0	0	1	0	0	0	1	0	0	0	0	0	1	0	0	0	0	0	0	0	0	0	0	0	0	0	10	5	0	15	2	17	0	0	19	3	20	0	0	23	3	14	1	0	18	DSC_0244	1,697	"small; slightly bent on photo"	TRUE	offspring	NA	NA	NA	NA	NA	NA	NA	praehirsuta
E5208	O47-1	5208	M25-6	19/06/2024	23/08/2024	F	NA	0	0	0	1	0	0	0	0	1	0	0	0	1	0	0	0	0	NA	1	0	0	0	0	0	0	NA	NA	NA	NA	NA	0	NA	NA	NA	NA	NA	NA	NA	NA	NA	NA	NA	NA	NA	NA	NA	NA	NA	NA	NA	NA	DSC_0246	1,802	small	TRUE	offspring	NA	NA	NA	NA	NA	NA	NA	praehirsuta
E5209	O47-2	5209	M25-6	19/06/2024	23/08/2024	F	NA	0	0	0	1	0	0	0	0	1	0	0	0	1	0	0	0	0	NA	1	0	0	0	0	0	0	NA	NA	NA	NA	NA	0	NA	NA	NA	NA	NA	NA	NA	NA	NA	NA	NA	NA	NA	NA	NA	NA	NA	NA	NA	NA	DSC_0247	1,873	small	TRUE	offspring	NA	NA	NA	NA	NA	NA	NA	praehirsuta
E5210r1	O47-3	5210	M25-6	19/06/2024	23/08/2024	M	praehirsuta	0	1	1	1	0	0	0	0	3	0	0	0	1	0	0	0	0	0	1	0	0	0	0	0	0	0	0	0	0	0	0	4	20	1	0	25	6	27	1	0	34	6	26	3	0	35	5	10	2	0	17	DSC_0248	1,534		TRUE	offspring	NA	NA	NA	NA	NA	NA	NA	praehirsuta
E5210r30	O47-3	5210	M25-6	19/06/2024	23/08/2024	M	praehirsuta	0	1	1	1	0	0	0	0	3	0	0	0	1	0	0	0	0	0	1	0	0	0	0	0	0	0	0	0	0	0	0	4	20	1	0	25	6	27	1	0	34	6	26	3	0	35	5	10	2	0	17	DSC_0248	1,534		TRUE	offspring	NA	NA	NA	NA	NA	NA	NA	praehirsuta
E5213	O48-3	5213	M25-6	19/06/2024	23/08/2024	F	NA	0	1	0	0	0	0	0	0	1	0	0	0	1	0	0	0	0	NA	1	0	0	0	0	0	0	NA	NA	NA	NA	NA	0	NA	NA	NA	NA	NA	NA	NA	NA	NA	NA	NA	NA	NA	NA	NA	NA	NA	NA	NA	NA	DSC_0251	2,522		TRUE	offspring	NA	NA	NA	NA	NA	NA	NA	praehirsuta
E5214	O48-5	5214	M25-6	19/06/2024	23/08/2024	M	praehirsuta	1	0	1	1	0	0	0	0	3	0	0	0	1	0	0	0	0	0	1	0	0	0	0	0	0	0	2	0	0	2	0	9	37	2	0	48	10	38	5	0	53	11	33	8	0	52	11	40	8	0	59	DSC_0252	2,153		TRUE	offspring	NA	NA	NA	NA	NA	NA	NA	praehirsuta
E5215	O62-2	5215	M14-1	24/06/2024	23/08/2024	F	NA	0	0	1	0	0	0	0	0	1	0	0	1	0	0	0	0	0	NA	1	0	0	0	0	0	0	NA	NA	NA	NA	NA	0	NA	NA	NA	NA	NA	NA	NA	NA	NA	NA	NA	NA	NA	NA	NA	NA	NA	NA	NA	NA	DSC_0253	2,25		TRUE	offspring	NA	NA	NA	NA	NA	NA	NA	forsmani
E5216	O62-3	5216	M14-1	24/06/2024	23/08/2024	F	NA	0	0	0	1	0	0	0	0	1	0	0	0	1	0	0	0	0	NA	1	0	0	0	0	0	0	NA	NA	NA	NA	NA	0	NA	NA	NA	NA	NA	NA	NA	NA	NA	NA	NA	NA	NA	NA	NA	NA	NA	NA	NA	NA	DSC_0254	1,853	small	TRUE	offspring	NA	NA	NA	NA	NA	NA	NA	forsmani
E5218	O62-5	5218	M14-1	24/06/2024	23/08/2024	M	forsmani	0	0	1	1	0	0	0	0	2	0	0	1	0	0	0	0	0	0	1	0	0	0	0	0	0	0	0	0	0	0	0	0	0	0	0	0	0	0	0	0	0	0	0	0	0	0	0	0	0	0	0	DSC_0256	1,525	anormal developement	TRUE	offspring	NA	NA	NA	NA	NA	NA	NA	forsmani
E5220	O63-2	5220	M14-1	24/06/2024	23/08/2024	M	forsmani	0	1	0	0	0	0	0	0	1	0	1	0	0	0	0	0	0	0	1	0	0	0	0	0	0	0	0	0	0	0	0	0	0	0	0	0	0	0	0	0	0	0	0	0	0	0	0	0	0	0	0	DSC_0258	1,607		TRUE	offspring	NA	NA	NA	NA	NA	NA	NA	forsmani
E5221	O63-3	5221	M14-1	24/06/2024	23/08/2024	M	forsmani	0	2	0	0	0	0	0	0	2	0	1	1	0	0	0	0	0	0	2	0	0	0	0	0	0	0	0	0	0	0	0	0	0	0	0	0	0	0	0	0	0	0	0	0	0	0	0	0	0	0	0	DSC_0259	1,916		TRUE	offspring	NA	NA	NA	NA	NA	NA	NA	forsmani
E5224	O64-1	5224	M14-1	24/06/2024	23/08/2024	M	forsmani	1	1	1	0	0	0	0	0	3	1	0	1	1	0	0	0	0	0	3	0	0	0	0	0	0	0	0	0	0	0	0	0	0	0	0	0	0	0	0	0	0	0	0	0	0	0	0	0	0	0	0	DSC_0262	2,138		TRUE	offspring	NA	NA	NA	NA	NA	NA	NA	forsmani
E5225	O64-2	5225	M14-1	24/06/2024	23/08/2024	F	NA	0	0	1	0	0	0	0	0	1	0	0	0	1	0	0	0	0	NA	1	0	0	0	0	0	0	NA	NA	NA	NA	NA	0	NA	NA	NA	NA	NA	NA	NA	NA	NA	NA	NA	NA	NA	NA	NA	NA	NA	NA	NA	NA	DSC_0263	2,249		TRUE	offspring	NA	NA	NA	NA	NA	NA	NA	forsmani
E5227	O64-5	5227	M14-1	24/06/2024	23/08/2024	M	forsmani	1	1	1	0	0	0	0	0	3	0	1	0	2	0	0	0	0	0	3	0	0	0	0	0	0	0	0	0	0	0	0	0	0	0	0	0	0	0	0	0	0	0	0	0	0	0	0	0	0	0	0	DSC_0265	2,027		TRUE	offspring	NA	NA	NA	NA	NA	NA	NA	forsmani
E5228	O64-4	5228	M14-1	24/06/2024	23/08/2024	M	forsmani	0	2	0	0	0	0	0	0	2	0	1	2	0	0	0	0	0	0	3	0	0	0	1	0	1	0	0	0	0	0	0	0	0	0	0	0	0	0	0	0	0	0	0	0	0	0	0	0	0	0	0	DSC_0266	2,31	Slightly bent on photo	TRUE	offspring	NA	NA	NA	NA	NA	NA	NA	forsmani
E5229	O65-1	5229	M14-1	24/06/2024	23/08/2024	F	NA	0	0	1	0	0	0	0	0	1	0	0	1	0	0	0	0	0	NA	1	0	0	0	0	0	0	NA	NA	NA	NA	NA	0	NA	NA	NA	NA	NA	NA	NA	NA	NA	NA	NA	NA	NA	NA	NA	NA	NA	NA	NA	NA	DSC_0267	2,954		TRUE	offspring	NA	NA	NA	NA	NA	NA	NA	forsmani
E5230	O65-2	5230	M14-1	24/06/2024	23/08/2024	F	NA	0	0	1	0	0	0	0	0	1	0	0	1	0	0	0	0	0	NA	1	0	0	0	0	0	0	NA	NA	NA	NA	NA	0	NA	NA	NA	NA	NA	NA	NA	NA	NA	NA	NA	NA	NA	NA	NA	NA	NA	NA	NA	NA	DSC_0268	2,316		TRUE	offspring	NA	NA	NA	NA	NA	NA	NA	forsmani
E5232	O65-6	5232	M14-1	24/06/2024	23/08/2024	F	NA	0	1	0	0	0	0	0	0	1	0	1	0	0	0	0	0	0	NA	1	0	0	0	0	0	0	NA	NA	NA	NA	NA	0	NA	NA	NA	NA	NA	NA	NA	NA	NA	NA	NA	NA	NA	NA	NA	NA	NA	NA	NA	NA	DSC_0270	2,926		TRUE	offspring	NA	NA	NA	NA	NA	NA	NA	forsmani
E5233	O66-1	5233	M16-6	24/06/2024	23/08/2024	M	praehirsuta	0	1	1	0	0	0	0	0	2	0	0	1	0	0	0	0	0	0	1	0	0	0	0	0	0	0	0	0	0	0	0	7	22	0	0	29	8	26	3	0	37	10	25	6	0	41	6	13	3	0	22	DSC_0271	1,836		TRUE	offspring	NA	NA	NA	NA	NA	NA	NA	praehirsuta
E5234	O66-2	5234	M16-6	24/06/2024	23/08/2024	M	praehirsuta	0	1	0	1	0	0	0	0	2	0	1	0	0	0	0	0	0	0	1	0	0	0	0	0	0	0	0	0	0	0	0	10	41	0	0	51	12	35	6	0	53	9	25	5	0	39	7	21	9	0	37	DSC_0272	1,805	Slightly bent on photo	TRUE	offspring	NA	NA	NA	NA	NA	NA	NA	praehirsuta
E5235	O66-4	5235	M16-6	24/06/2024	23/08/2024	M	praehirsuta	1	0	1	0	0	0	0	0	2	0	0	0	1	0	0	0	0	0	1	0	0	0	0	0	0	0	0	0	0	0	0	10	38	2	0	50	11	30	10	0	51	12	28	9	0	49	13	19	7	0	39	DSC_0273	1,972		TRUE	offspring	NA	NA	NA	NA	NA	NA	NA	praehirsuta
E5238	O67-1	5238	M16-6	24/06/2024	23/08/2024	M	praehirsuta	0	1	1	0	0	0	0	0	2	0	0	0	1	0	0	0	0	0	1	0	0	0	0	0	0	0	0	0	0	0	0	5	23	0	0	28	5	19	5	0	29	8	20	6	0	34	6	18	7	0	31	DSC_0276	1,86		TRUE	offspring	NA	NA	NA	NA	NA	NA	NA	praehirsuta
E5240	O67-4	5240	M16-6	24/06/2024	23/08/2024	F	NA	0	0	1	0	0	0	0	0	1	0	0	0	1	0	0	0	0	NA	1	0	0	0	0	0	0	NA	NA	NA	NA	NA	0	NA	NA	NA	NA	NA	NA	NA	NA	NA	NA	NA	NA	NA	NA	NA	NA	NA	NA	NA	NA	DSC_0278	2,005		TRUE	offspring	NA	NA	NA	NA	NA	NA	NA	praehirsuta
E5241	O67-5	5241	M16-6	24/06/2024	23/08/2024	F	NA	0	1	1	0	0	0	0	0	2	0	0	0	1	0	0	0	0	NA	1	0	0	0	0	0	0	NA	NA	NA	NA	NA	0	NA	NA	NA	NA	NA	NA	NA	NA	NA	NA	NA	NA	NA	NA	NA	NA	NA	NA	NA	NA	DSC_0279	2,357		TRUE	offspring	NA	NA	NA	NA	NA	NA	NA	praehirsuta
E5242	O67-6	5242	M16-6	24/06/2024	23/08/2024	F	NA	0	0	1	1	0	0	0	0	2	0	0	0	1	0	0	0	0	NA	1	0	0	0	0	0	0	NA	NA	NA	NA	NA	0	NA	NA	NA	NA	NA	NA	NA	NA	NA	NA	NA	NA	NA	NA	NA	NA	NA	NA	NA	NA	DSC_0280	2,486		TRUE	offspring	NA	NA	NA	NA	NA	NA	NA	praehirsuta
E5243r1	O68-1	5243	M16-6	24/06/2024	23/08/2024	F	NA	0	0	1	0	0	0	0	0	1	0	0	0	1	0	0	0	0	NA	1	0	0	0	0	0	0	NA	NA	NA	NA	NA	0	NA	NA	NA	NA	NA	NA	NA	NA	NA	NA	NA	NA	NA	NA	NA	NA	NA	NA	NA	NA	DSC_0281	2,017		TRUE	offspring	NA	NA	NA	NA	NA	NA	NA	praehirsuta
E5243r20	O68-1	5243	M16-6	24/06/2024	23/08/2024	F	NA	0	0	1	0	0	0	0	0	1	0	0	0	1	0	0	0	0	NA	1	0	0	0	0	0	0	NA	NA	NA	NA	NA	0	NA	NA	NA	NA	NA	NA	NA	NA	NA	NA	NA	NA	NA	NA	NA	NA	NA	NA	NA	NA	DSC_0281	2,017		TRUE	offspring	NA	NA	NA	NA	NA	NA	NA	praehirsuta
E5245	O68-4	5245	M16-6	24/06/2024	23/08/2024	M	praehirsuta	0	1	0	0	0	0	0	0	1	0	0	0	1	0	0	0	0	0	1	0	0	0	0	0	0	0	0	0	0	0	0	7	21	0	0	28	8	25	5	0	38	9	20	3	0	32	8	16	5	0	29	DSC_0283	1,735		TRUE	offspring	NA	NA	NA	NA	NA	NA	NA	praehirsuta
E5246	O68-5	5246	M16-6	24/06/2024	23/08/2024	F	NA	0	1	0	0	0	0	0	0	1	0	0	0	1	0	0	0	0	NA	1	0	0	0	0	0	0	NA	NA	NA	NA	NA	0	NA	NA	NA	NA	NA	NA	NA	NA	NA	NA	NA	NA	NA	NA	NA	NA	NA	NA	NA	NA	DSC_0284	2,399		TRUE	offspring	NA	NA	NA	NA	NA	NA	NA	praehirsuta
E5247	O69-2	5247	M16-6	24/06/2024	23/08/2024	M	praehirsuta	0	1	0	1	0	0	0	0	2	0	0	0	1	0	0	0	0	0	1	0	0	0	0	0	0	0	0	0	0	0	0	11	29	3	0	43	9	29	5	0	43	8	25	6	0	39	9	16	2	0	27	DSC_0285	1,821		TRUE	offspring	NA	NA	NA	NA	NA	NA	NA	praehirsuta
E5248	O69-3	5248	M16-6	24/06/2024	23/08/2024	F	NA	0	1	0	1	0	0	0	0	2	0	0	0	1	0	0	0	0	NA	1	0	0	0	0	0	0	NA	NA	NA	NA	NA	0	NA	NA	NA	NA	NA	NA	NA	NA	NA	NA	NA	NA	NA	NA	NA	NA	NA	NA	NA	NA	DSC_0286	2,667		TRUE	offspring	NA	NA	NA	NA	NA	NA	NA	praehirsuta
E5249	O69-4	5249	M16-6	24/06/2024	23/08/2024	M	praehirsuta	0	1	0	1	0	0	0	0	2	0	0	0	1	0	0	0	0	0	1	0	0	0	0	0	0	0	0	0	0	0	0	5	33	0	0	38	13	29	3	0	45	6	26	5	0	37	8	19	5	0	32	DSC_0287	1,889		TRUE	offspring	NA	NA	NA	NA	NA	NA	NA	praehirsuta
E5250	O70-1	5250	M1-1	26/06/2024	26/08/2024	F	NA	0	1	0	0	0	0	0	0	1	0	0	0	1	0	0	0	0	NA	1	0	0	0	0	0	0	NA	NA	NA	NA	NA	0	NA	NA	NA	NA	NA	NA	NA	NA	NA	NA	NA	NA	NA	NA	NA	NA	NA	NA	NA	NA	DSC_0288	2,628		TRUE	offspring	NA	NA	NA	NA	NA	NA	NA	praehirsuta
E5252	O70-4	5252	M1-1	26/06/2024	26/08/2024	F	NA	0	0	1	0	0	0	0	0	1	0	0	0	1	0	0	0	0	NA	1	0	0	0	0	0	0	NA	NA	NA	NA	NA	0	NA	NA	NA	NA	NA	NA	NA	NA	NA	NA	NA	NA	NA	NA	NA	NA	NA	NA	NA	NA	DSC_0290	2,577		TRUE	offspring	NA	NA	NA	NA	NA	NA	NA	praehirsuta
E5254	O70-6	5254	M1-1	26/06/2024	26/08/2024	M	praehirsuta	1	0	0	0	0	0	0	0	1	0	1	0	0	0	0	0	0	0	1	0	0	0	0	0	0	0	7	0	0	7	0	8	55	3	0	66	12	45	8	0	65	11	38	10	0	59	9	27	10	0	46	DSC_0292	2,043		TRUE	offspring	NA	NA	NA	NA	NA	NA	NA	praehirsuta
E5256	O71-2	5256	M1-1	26/06/2024	26/08/2024	F	NA	0	1	0	0	0	0	0	0	1	0	0	0	1	0	0	0	0	NA	1	0	0	0	0	0	0	NA	NA	NA	NA	NA	0	NA	NA	NA	NA	NA	NA	NA	NA	NA	NA	NA	NA	NA	NA	NA	NA	NA	NA	NA	NA	DSC_0294	2,778		TRUE	offspring	NA	NA	NA	NA	NA	NA	NA	praehirsuta
E5257	O71-4	5257	M1-1	26/06/2024	26/08/2024	M	praehirsuta	1	0	0	1	0	0	0	0	2	0	0	0	1	0	0	0	0	0	1	0	0	0	0	0	0	0	0	0	0	0	0	9	29	0	0	38	10	33	3	0	46	11	30	6	0	47	9	25	9	0	43	DSC_0295	1,984		TRUE	offspring	NA	NA	NA	NA	NA	NA	NA	praehirsuta
E5258	O71-5	5258	M1-1	26/06/2024	26/08/2024	F	NA	0	1	0	0	0	0	0	0	1	0	0	0	1	0	0	0	0	NA	1	0	0	0	0	0	0	NA	NA	NA	NA	NA	0	NA	NA	NA	NA	NA	NA	NA	NA	NA	NA	NA	NA	NA	NA	NA	NA	NA	NA	NA	NA	DSC_0296	2,396		TRUE	offspring	NA	NA	NA	NA	NA	NA	NA	praehirsuta
E5259	O71-6	5259	M1-1	26/06/2024	26/08/2024	M	praehirsuta	0	1	0	1	0	0	0	0	2	0	0	0	1	0	0	0	0	0	1	0	0	0	0	0	0	0	0	0	0	0	0	8	35	3	0	46	9	25	5	0	39	8	29	8	0	45	6	20	6	0	32	DSC_0297	1,868		TRUE	offspring	NA	NA	NA	NA	NA	NA	NA	praehirsuta
E5260	O72-1	5260	M1-1	26/06/2024	26/08/2024	F	NA	0	0	0	1	0	0	0	0	1	0	0	0	1	0	0	0	0	NA	1	0	0	0	0	0	0	NA	NA	NA	NA	NA	0	NA	NA	NA	NA	NA	NA	NA	NA	NA	NA	NA	NA	NA	NA	NA	NA	NA	NA	NA	NA	DSC_0298	2,373		TRUE	offspring	NA	NA	NA	NA	NA	NA	NA	praehirsuta
E5261	O72-2	5261	M1-1	26/06/2024	26/08/2024	F	NA	0	0	1	0	0	0	0	0	1	0	0	0	1	0	0	0	0	NA	1	0	0	0	0	0	0	NA	NA	NA	NA	NA	0	NA	NA	NA	NA	NA	NA	NA	NA	NA	NA	NA	NA	NA	NA	NA	NA	NA	NA	NA	NA	DSC_0299	3,194		TRUE	offspring	NA	NA	NA	NA	NA	NA	NA	praehirsuta
E5263	O73-1	5263	M1-1	26/06/2024	26/08/2024	M	praehirsuta	1	0	1	0	0	0	0	0	2	0	0	1	0	0	0	0	0	0	1	0	0	0	0	0	0	0	0	0	0	0	0	4	19	1	0	24	6	25	4	0	35	7	27	6	0	40	7	19	4	0	30	DSC_0301	1,932		TRUE	offspring	NA	NA	NA	NA	NA	NA	NA	praehirsuta
E5264	O73-2	5264	M1-1	26/06/2024	26/08/2024	F	NA	0	1	0	0	0	0	0	0	1	0	0	0	1	0	0	0	0	NA	1	0	0	0	0	0	0	NA	NA	NA	NA	NA	0	NA	NA	NA	NA	NA	NA	NA	NA	NA	NA	NA	NA	NA	NA	NA	NA	NA	NA	NA	NA	DSC_0302	2,432		TRUE	offspring	NA	NA	NA	NA	NA	NA	NA	praehirsuta
E5265r1	O73-3	5265	M1-1	26/06/2024	26/08/2024	M	praehirsuta	0	1	0	1	0	0	0	0	2	0	0	0	0	0	0	0	0	0	0	0	0	0	0	0	0	0	0	0	0	0	0	0	0	0	0	0	10	40	9	0	59	14	36	8	0	58	11	24	9	0	44	DSC_0303	2,032		TRUE	offspring	NA	NA	NA	NA	NA	NA	NA	praehirsuta
E5265r20	O73-3	5265	M1-1	26/06/2024	26/08/2024	M	praehirsuta	0	1	0	1	0	0	0	0	2	0	0	0	0	0	0	0	0	0	0	0	0	0	0	0	0	0	0	0	0	0	0	0	0	0	0	0	10	40	9	0	59	14	36	8	0	58	11	24	9	0	44	DSC_0303	2,032		TRUE	offspring	NA	NA	NA	NA	NA	NA	NA	praehirsuta
E5266	O74-1	5266	M4-6	26/06/2024	26/08/2024	M	hybrid	0	1	1	0	0	0	0	0	2	0	1	1	1	0	0	0	0	0	3	0	0	0	0	0	0	0	0	0	0	0	0	0	0	0	0	0	3	8	0	0	11	2	17	1	0	20	3	9	2	0	14	DSC_0304	2,495	Short setae	TRUE	offspring	NA	NA	NA	NA	NA	NA	NA	forsmani
E5267	O74-2	5267	M4-6	26/06/2024	26/08/2024	F	NA	0	1	0	0	0	0	0	0	1	0	1	0	0	0	0	0	0	NA	1	0	0	0	0	0	0	NA	NA	NA	NA	NA	0	NA	NA	NA	NA	NA	NA	NA	NA	NA	NA	NA	NA	NA	NA	NA	NA	NA	NA	NA	NA	DSC_0305	2,715		TRUE	offspring	NA	NA	NA	NA	NA	NA	NA	forsmani
E5268	O74-3	5268	M4-6	26/06/2024	26/08/2024	M	forsmani	1	2	0	0	0	1	0	0	4	1	1	1	0	0	0	0	0	0	3	0	0	0	0	0	0	0	0	0	0	0	0	0	0	0	0	0	0	0	0	0	0	0	0	0	0	0	0	0	0	0	0	DSC_0306	2,406		TRUE	offspring	NA	NA	NA	NA	NA	NA	NA	forsmani
E5270	O74-5	5270	M4-6	26/06/2024	26/08/2024	F	NA	0	1	0	0	0	0	0	0	1	0	1	0	0	0	0	0	0	NA	1	0	0	0	1	0	1	NA	NA	NA	NA	NA	0	NA	NA	NA	NA	NA	NA	NA	NA	NA	NA	NA	NA	NA	NA	NA	NA	NA	NA	NA	NA	DSC_0308	3,312		TRUE	offspring	NA	NA	NA	NA	NA	NA	NA	forsmani
E5271	O74-6	5271	M4-6	26/06/2024	26/08/2024	F	NA	0	1	0	0	0	0	0	0	1	0	1	0	0	0	0	0	0	NA	1	0	0	0	0	0	0	NA	NA	NA	NA	NA	0	NA	NA	NA	NA	NA	NA	NA	NA	NA	NA	NA	NA	NA	NA	NA	NA	NA	NA	NA	NA	DSC_0309	2,88		TRUE	offspring	NA	NA	NA	NA	NA	NA	NA	forsmani
E5275r1	O75-2	5275	M4-6	26/06/2024	26/08/2024	F	NA	0	1	0	0	0	0	0	0	1	0	1	0	0	0	0	0	0	NA	1	0	0	0	1	0	1	NA	NA	NA	NA	NA	0	NA	NA	NA	NA	NA	NA	NA	NA	NA	NA	NA	NA	NA	NA	NA	NA	NA	NA	NA	NA	DSC_0313	2,404		TRUE	offspring	NA	NA	NA	NA	NA	NA	NA	forsmani
E5275r30	O75-2	5275	M4-6	26/06/2024	26/08/2024	F	NA	0	1	0	0	0	0	0	0	1	0	1	0	0	0	0	0	0	NA	1	0	0	0	1	0	1	NA	NA	NA	NA	NA	0	NA	NA	NA	NA	NA	NA	NA	NA	NA	NA	NA	NA	NA	NA	NA	NA	NA	NA	NA	NA	DSC_0313	2,404		TRUE	offspring	NA	NA	NA	NA	NA	NA	NA	forsmani
E5276	O75-3	5276	M4-6	26/06/2024	26/08/2024	M	hybrid	1	0	1	1	0	0	0	0	3	1	0	2	0	0	0	0	0	0	3	0	0	0	0	0	0	0	0	0	0	0	0	0	3	0	0	3	3	13	1	0	17	4	21	2	0	27	5	2	1	0	8	DSC_0314	2,245	short setae	TRUE	offspring	NA	NA	NA	NA	NA	NA	NA	forsmani
E5278	O75-5	5278	M4-6	26/06/2024	26/08/2024	M	hybrid	1	2	0	0	0	0	0	0	3	1	0	1	1	0	0	0	0	0	3	0	0	0	0	0	0	0	0	0	0	0	0	0	0	0	0	0	1	4	0	0	5	1	7	0	0	8	2	3	2	0	7	DSC_0316	2,333	short setae	TRUE	offspring	NA	NA	NA	NA	NA	NA	NA	forsmani
E5279	O75-6	5279	M4-6	26/06/2024	26/08/2024	M	hybrid	1	1	0	0	0	0	0	0	2	0	1	0	1	0	0	0	0	0	2	0	0	0	0	0	0	0	0	0	0	0	0	0	0	0	0	0	0	6	0	0	6	3	4	0	0	7	1	2	1	0	4	DSC_0317	2,11	short setae	TRUE	offspring	NA	NA	NA	NA	NA	NA	NA	forsmani
E5280	O89-1	5280	M3-1	28/06/2024	27/08/2024	M	forsmani	1	1	0	0	0	0	0	0	2	1	0	0	2	0	0	0	0	0	3	0	0	0	0	0	0	0	0	0	0	0	0	0	0	0	0	0	0	0	0	0	0	0	0	0	0	0	0	0	0	0	0	DSC_0318-321	2,22		TRUE	offspring	NA	NA	NA	NA	NA	NA	NA	forsmani
E5281	O89-4	5281	M3-1	28/06/2024	27/08/2024	M	forsmani	1	1	1	0	0	0	0	0	3	1	0	0	2	0	0	0	0	0	3	0	0	0	0	0	0	0	0	0	0	0	0	0	0	0	0	0	0	0	0	0	0	0	0	0	0	0	0	0	0	0	0	DSC_0322	2,225		TRUE	offspring	NA	NA	NA	NA	NA	NA	NA	forsmani
E5282	O89-6	5282	M3-1	28/06/2024	27/08/2024	F	NA	0	1	0	1	0	0	0	0	2	0	1	0	0	0	0	0	0	NA	1	0	0	0	0	0	0	NA	NA	NA	NA	NA	0	NA	NA	NA	NA	NA	NA	NA	NA	NA	NA	NA	NA	NA	NA	NA	NA	NA	NA	NA	NA	DSC_0323	2,549		TRUE	offspring	NA	NA	NA	NA	NA	NA	NA	forsmani
E5283	O90-1	5283	M3-1	28/06/2024	27/08/2024	F	NA	0	1	0	0	0	0	0	0	1	0	0	1	0	0	0	0	0	NA	1	0	0	0	0	0	0	NA	NA	NA	NA	NA	0	NA	NA	NA	NA	NA	NA	NA	NA	NA	NA	NA	NA	NA	NA	NA	NA	NA	NA	NA	NA	DSC_0324	2,581		TRUE	offspring	NA	NA	NA	NA	NA	NA	NA	forsmani
E5284	O90-2	5284	M3-1	28/06/2024	27/08/2024	F	NA	0	1	0	0	0	0	0	0	1	0	1	0	0	0	0	0	0	NA	1	0	0	0	0	0	0	NA	NA	NA	NA	NA	0	NA	NA	NA	NA	NA	NA	NA	NA	NA	NA	NA	NA	NA	NA	NA	NA	NA	NA	NA	NA	DSC_0325	2,405		TRUE	offspring	NA	NA	NA	NA	NA	NA	NA	forsmani
E5285	O90-4	5285	M3-1	28/06/2024	27/08/2024	F	NA	0	1	1	0	0	0	0	0	2	0	1	0	0	0	0	0	0	NA	1	0	0	0	0	0	0	NA	NA	NA	NA	NA	0	NA	NA	NA	NA	NA	NA	NA	NA	NA	NA	NA	NA	NA	NA	NA	NA	NA	NA	NA	NA	DSC_0326	2,938		TRUE	offspring	NA	NA	NA	NA	NA	NA	NA	forsmani
E5287	O91-1	5287	M3-1	28/06/2024	27/08/2024	M	forsmani	1	2	0	0	0	1	0	0	4	0	1	1	1	0	0	0	0	0	3	0	0	0	0	0	0	0	0	0	0	0	0	0	0	0	0	0	0	0	0	0	0	0	0	0	0	0	0	0	0	0	0	DSC_0328	2,227		TRUE	offspring	NA	NA	NA	NA	NA	NA	NA	forsmani
E5288	O91-2	5288	M3-1	28/06/2024	27/08/2024	M	forsmani	0	1	0	2	0	1	0	0	4	0	1	0	1	0	0	0	0	0	2	0	0	0	0	0	0	0	0	0	0	0	0	0	0	0	0	0	0	0	0	0	0	0	0	0	0	0	0	0	0	0	0	DSC_0329	2,039		TRUE	offspring	NA	NA	NA	NA	NA	NA	NA	forsmani
E5289	O91-4	5289	M3-1	28/06/2024	27/08/2024	F	NA	0	1	0	1	0	0	0	0	2	0	1	0	0	0	0	0	0	NA	1	0	0	0	0	0	0	NA	NA	NA	NA	NA	0	NA	NA	NA	NA	NA	NA	NA	NA	NA	NA	NA	NA	NA	NA	NA	NA	NA	NA	NA	NA	DSC_0330	2,473		TRUE	offspring	NA	NA	NA	NA	NA	NA	NA	forsmani
E5290	O91-5	5290	M3-1	28/06/2024	27/08/2024	M	forsmani	1	1	1	0	0	0	0	0	3	0	1	0	2	0	0	0	0	0	3	0	0	0	0	0	0	0	0	0	0	0	0	0	0	0	0	0	0	0	0	0	0	0	0	0	0	0	0	0	0	0	0	DSC_0331	2,124		TRUE	offspring	NA	NA	NA	NA	NA	NA	NA	forsmani
E5292	O92-2	5292	M3-1	28/06/2024	27/08/2024	M	forsmani	1	2	0	0	0	0	0	0	3	0	1	1	1	0	0	0	0	0	3	0	0	0	1	0	1	0	0	0	0	0	0	0	0	0	0	0	0	0	0	0	0	0	0	0	0	0	0	0	0	0	0	DSC_0333	2,307		TRUE	offspring	NA	NA	NA	NA	NA	NA	NA	forsmani
E5293	O92-3	5293	M3-1	28/06/2024	27/08/2024	F	NA	0	1	0	0	0	0	0	0	1	0	1	0	0	0	0	0	0	NA	1	0	0	0	0	0	0	NA	NA	NA	NA	NA	0	NA	NA	NA	NA	NA	NA	NA	NA	NA	NA	NA	NA	NA	NA	NA	NA	NA	NA	NA	NA	DSC_0334	2,983		TRUE	offspring	NA	NA	NA	NA	NA	NA	NA	forsmani
E5296	O93-2	5296	M7-6	28/06/2024	27/08/2024	M	praehirsuta	0	1	0	1	0	0	0	0	2	0	0	0	1	0	0	0	0	0	1	0	0	0	0	0	0	0	0	0	0	0	0	4	14	0	0	18	9	34	9	0	52	8	34	11	0	53	6	22	6	0	34	DSC_0337	1,942		TRUE	offspring	NA	NA	NA	NA	NA	NA	NA	praehirsuta
E5297	O93-3	5297	M7-6	28/06/2024	27/08/2024	M	praehirsuta	0	1	0	0	0	0	0	0	1	0	0	0	1	0	0	0	0	0	1	0	0	0	0	0	0	0	2	0	0	2	0	5	38	0	0	43	7	29	6	0	42	6	32	5	0	43	7	27	7	0	41	DSC_0338	1,976		TRUE	offspring	NA	NA	NA	NA	NA	NA	NA	praehirsuta
E5298	O93-4	5298	M7-6	28/06/2024	27/08/2024	F	NA	0	0	1	0	0	0	0	0	1	0	0	0	1	0	0	0	0	NA	1	0	0	0	0	0	0	NA	NA	NA	NA	NA	0	NA	NA	NA	NA	NA	NA	NA	NA	NA	NA	NA	NA	NA	NA	NA	NA	NA	NA	NA	NA	DSC_0339	2,873		TRUE	offspring	NA	NA	NA	NA	NA	NA	NA	praehirsuta
E5299	O93-6	5299	M7-6	28/06/2024	27/08/2024	M	praehirsuta	0	1	1	1	0	0	0	0	3	0	0	0	1	0	0	0	0	0	1	0	0	0	0	0	0	0	0	0	0	0	0	0	0	0	0	0	5	28	5	0	38	6	24	6	0	36	7	19	4	0	30	DSC_0340	1,889		TRUE	offspring	NA	NA	NA	NA	NA	NA	NA	praehirsuta
E5300r1	O94-1	5300	M7-6	28/06/2024	27/08/2024	F	NA	0	0	1	0	0	0	0	0	1	0	0	0	1	0	0	0	0	NA	1	0	0	0	0	0	0	NA	NA	NA	NA	NA	0	NA	NA	NA	NA	NA	NA	NA	NA	NA	NA	NA	NA	NA	NA	NA	NA	NA	NA	NA	NA	DSC_0341	2,772		TRUE	offspring	NA	NA	NA	NA	NA	NA	NA	praehirsuta
E5300r2	O94-1	5300	M7-6	28/06/2024	27/08/2024	F	NA	0	0	1	0	0	0	0	0	1	0	0	0	1	0	0	0	0	NA	1	0	0	0	0	0	0	NA	NA	NA	NA	NA	0	NA	NA	NA	NA	NA	NA	NA	NA	NA	NA	NA	NA	NA	NA	NA	NA	NA	NA	NA	NA	DSC_0341	2,772		TRUE	offspring	NA	NA	NA	NA	NA	NA	NA	praehirsuta
E5302	O94-3	5302	M7-6	28/06/2024	27/08/2024	F	NA	0	0	1	0	0	0	0	0	1	0	0	0	1	0	0	0	0	NA	1	0	0	0	0	0	0	NA	NA	NA	NA	NA	0	NA	NA	NA	NA	NA	NA	NA	NA	NA	NA	NA	NA	NA	NA	NA	NA	NA	NA	NA	NA	DSC_0343	2,446		TRUE	offspring	NA	NA	NA	NA	NA	NA	NA	praehirsuta
E5303	O94-4	5303	M7-6	28/06/2024	27/08/2024	M	praehirsuta	0	1	1	1	0	0	0	1	4	0	0	0	1	0	0	0	0	0	1	0	0	0	0	0	0	0	0	0	0	0	0	4	26	2	0	32	8	23	2	0	33	5	25	4	0	34	6	16	5	0	27	DSC_0344	1,956		TRUE	offspring	NA	NA	NA	NA	NA	NA	NA	praehirsuta
E5304	O94-5	5304	M7-6	28/06/2024	27/08/2024	M	praehirsuta	0	1	0	0	0	0	0	0	1	0	0	0	1	0	0	0	0	0	1	0	0	0	0	0	0	0	0	0	0	0	0	4	26	1	0	31	7	28	6	0	41	5	24	4	0	33	5	17	8	0	30	DSC_0345	2,013		TRUE	offspring	NA	NA	NA	NA	NA	NA	NA	praehirsuta
E5305	O94-6	5305	M7-6	28/06/2024	27/08/2024	M	praehirsuta	0	1	0	1	0	0	0	0	2	0	0	0	1	0	0	0	0	0	1	0	0	0	0	0	0	0	1	0	0	1	0	7	32	1	0	40	8	36	4	0	48	10	24	7	0	41	5	17	8	0	30	DSC_0346	1,963		TRUE	offspring	NA	NA	NA	NA	NA	NA	NA	praehirsuta
E5306r1	O95-1	5306	M7-6	28/06/2024	27/08/2024	F	NA	0	1	0	0	0	0	0	0	1	0	0	0	1	0	0	0	0	NA	1	0	0	0	0	0	0	NA	NA	NA	NA	NA	0	NA	NA	NA	NA	NA	NA	NA	NA	NA	NA	NA	NA	NA	NA	NA	NA	NA	NA	NA	NA	DSC_0347	2,758		TRUE	offspring	NA	NA	NA	NA	NA	NA	NA	praehirsuta
E5306r30	O95-1	5306	M7-6	28/06/2024	27/08/2024	F	NA	0	1	0	0	0	0	0	0	1	0	0	0	1	0	0	0	0	NA	1	0	0	0	0	0	0	NA	NA	NA	NA	NA	0	NA	NA	NA	NA	NA	NA	NA	NA	NA	NA	NA	NA	NA	NA	NA	NA	NA	NA	NA	NA	DSC_0347	2,758		TRUE	offspring	NA	NA	NA	NA	NA	NA	NA	praehirsuta
E5307	O95-3	5307	M7-6	28/06/2024	27/08/2024	M	praehirsuta	0	1	0	0	0	0	0	0	1	0	0	1	0	0	0	0	0	0	1	0	0	0	0	0	0	0	0	0	0	0	0	3	21	0	0	24	5	27	3	0	35	6	24	5	0	35	6	18	8	0	32	DSC_0348	2,033		TRUE	offspring	NA	NA	NA	NA	NA	NA	NA	praehirsuta
E5308	O95-4	5308	M7-6	28/06/2024	27/08/2024	M	praehirsuta	0	1	0	1	0	0	0	0	2	0	0	0	1	0	0	0	0	0	1	0	0	0	0	0	0	0	0	0	0	0	0	0	25	0	0	25	5	29	4	0	38	8	31	6	0	45	9	19	6	0	34	DSC_0349	1,973		TRUE	offspring	NA	NA	NA	NA	NA	NA	NA	praehirsuta
E5309	O96-1	5309	M8-6	28/06/2024	27/08/2024	M	hybrid	0	2	0	0	0	0	1	0	3	0	1	0	1	0	0	0	1	0	3	0	0	0	1	0	1	0	0	0	0	0	0	0	0	0	0	0	0	10	1	0	11	0	14	1	0	15	0	6	1	0	7	DSC_0350	2,124	shorts setaes	TRUE	offspring	NA	NA	NA	NA	NA	NA	NA	forsmani
E5310	O97-2	5310	M8-6	28/06/2024	27/08/2024	F	NA	0	1	0	0	0	0	0	0	1	0	0	1	0	0	0	0	0	NA	1	0	0	0	0	0	0	NA	NA	NA	NA	NA	0	NA	NA	NA	NA	NA	NA	NA	NA	NA	NA	NA	NA	NA	NA	NA	NA	NA	NA	NA	NA	DSC_0351	2,751		TRUE	offspring	NA	NA	NA	NA	NA	NA	NA	forsmani
E5311	O97-4	5311	M8-6	28/06/2024	27/08/2024	M	hybrid	0	1	0	1	0	0	0	0	2	0	1	0	0	0	0	0	0	0	1	0	0	0	0	0	0	0	0	0	0	0	0	0	0	0	0	0	0	2	1	0	3	0	7	2	0	9	0	1	1	0	2	DSC_0352	2,277	very shorts setaes	TRUE	offspring	NA	NA	NA	NA	NA	NA	NA	forsmani
E5312	O98-2	5312	M8-6	28/06/2024	27/08/2024	M	hybrid	0	1	0	1	0	0	0	0	2	0	1	0	0	0	0	0	0	0	1	0	0	0	0	0	0	0	0	0	0	0	0	0	0	0	0	0	0	8	1	0	9	1	10	2	0	13	2	9	2	0	13	DSC_0353	2,019	shorts setaes	TRUE	offspring	NA	NA	NA	NA	NA	NA	NA	forsmani
E5313	O98-4	5313	M8-6	28/06/2024	27/08/2024	F	NA	0	1	0	0	0	0	0	0	1	0	1	0	0	0	0	0	0	NA	1	0	0	0	0	0	0	NA	NA	NA	NA	NA	0	NA	NA	NA	NA	NA	NA	NA	NA	NA	NA	NA	NA	NA	NA	NA	NA	NA	NA	NA	NA	DSC_0354	2,35		TRUE	offspring	NA	NA	NA	NA	NA	NA	NA	forsmani
E5314	O98-6	5314	M8-6	28/06/2024	27/08/2024	M	hybrid	0	1	2	0	0	0	0	0	3	0	1	1	1	0	0	0	0	0	3	0	0	0	0	0	0	0	0	0	0	0	0	0	0	0	0	0	0	6	1	0	7	1	11	3	0	15	0	4	2	0	6	DSC_0355	2,25	shorts setaes	TRUE	offspring	NA	NA	NA	NA	NA	NA	NA	forsmani
E5315	O99-1	5315	M8-6	28/06/2024	27/08/2024	F	NA	0	0	1	0	0	0	0	0	1	0	0	0	1	0	0	0	0	NA	1	0	0	0	0	0	0	NA	NA	NA	NA	NA	0	NA	NA	NA	NA	NA	NA	NA	NA	NA	NA	NA	NA	NA	NA	NA	NA	NA	NA	NA	NA	DSC_0356	2,583		TRUE	offspring	NA	NA	NA	NA	NA	NA	NA	forsmani
E5316	O99-5	5316	M8-6	28/06/2024	27/08/2024	M	forsmani	1	1	0	0	0	1	0	0	3	1	0	0	1	0	0	0	0	0	2	0	0	0	0	0	0	0	0	0	0	0	0	0	0	0	0	0	0	0	0	0	0	0	0	0	0	0	0	0	1	0	1	DSC_0357	2,349	forsmani?	TRUE	offspring	NA	NA	NA	NA	NA	NA	NA	forsmani
E5317	O99-6	5317	M8-6	28/06/2024	27/08/2024	F	NA	0	1	0	0	0	0	0	0	1	0	1	0	0	0	0	0	0	NA	1	0	0	0	0	0	0	NA	NA	NA	NA	NA	0	NA	NA	NA	NA	NA	NA	NA	NA	NA	NA	NA	NA	NA	NA	NA	NA	NA	NA	NA	NA	DSC_0358	2,516		TRUE	offspring	NA	NA	NA	NA	NA	NA	NA	forsmani
E5318	O100-1	5318	M9-1	28/06/2024	27/08/2024	M	hybrid	0	1	1	0	0	0	0	0	2	0	1	0	1	0	0	0	0	0	2	0	0	0	0	0	0	0	0	0	0	0	0	0	0	0	0	0	0	7	1	0	8	0	11	1	0	12	0	4	0	0	4	DSC_0359	2,033	short setae	TRUE	offspring	NA	NA	NA	NA	NA	NA	NA	forsmani
E5319	O100-2	5319	M9-1	28/06/2024	27/08/2024	M	forsmani	0	1	2	0	0	0	0	0	3	0	1	0	0	0	0	0	0	0	1	0	0	0	0	0	0	0	0	0	0	0	0	0	0	0	0	0	0	0	0	0	0	0	0	0	0	0	0	0	0	0	0	DSC_0360	2,19		TRUE	offspring	NA	NA	NA	NA	NA	NA	NA	forsmani
E5320	O101-2	5320	M9-1	28/06/2024	27/08/2024	M	hybrid	0	1	1	0	0	0	0	0	2	0	1	1	1	0	0	0	0	0	3	0	0	0	1	0	1	0	0	0	0	0	0	0	0	0	0	0	1	11	1	0	13	1	4	1	0	6	1	6	1	0	8	DSC_0361	2,143	short setae	TRUE	offspring	NA	NA	NA	NA	NA	NA	NA	forsmani
E5321	O101-3	5321	M9-1	28/06/2024	27/08/2024	F	NA	0	1	0	0	0	0	0	0	1	0	1	0	0	0	0	0	0	NA	1	0	0	0	0	0	0	NA	NA	NA	NA	NA	0	NA	NA	NA	NA	NA	NA	NA	NA	NA	NA	NA	NA	NA	NA	NA	NA	NA	NA	NA	NA	DSC_0362	2,57		TRUE	offspring	NA	NA	NA	NA	NA	NA	NA	forsmani
E5322	O102-2	5322	M9-1	28/06/2024	27/08/2024	M	forsmani	0	1	0	1	0	0	0	0	2	0	1	0	0	0	0	0	0	0	1	0	0	0	0	0	0	0	0	0	0	0	0	0	0	0	0	0	0	0	0	0	0	0	0	0	0	0	0	0	0	0	0	DSC_0363	2,229		TRUE	offspring	NA	NA	NA	NA	NA	NA	NA	forsmani
E5323	O102-4	5323	M9-1	28/06/2024	27/08/2024	M	forsmani	0	1	2	0	0	0	0	0	3	0	1	1	1	0	0	0	0	0	3	0	0	0	1	0	1	0	0	0	0	0	0	0	0	0	0	0	0	8	0	0	8	1	9	2	0	12	0	3	2	0	5	DSC_0364	2,24		TRUE	offspring	NA	NA	NA	NA	NA	NA	NA	forsmani
E5324	O103-1	5324	M9-1	28/06/2024	27/08/2024	M	forsmani	1	1	0	0	0	0	0	0	2	0	1	1	1	0	0	0	0	0	3	0	0	0	0	0	0	0	0	0	0	0	0	0	0	0	0	0	0	0	0	0	0	0	0	0	0	0	0	0	0	0	0	DSC_0365	2,321		TRUE	offspring	NA	NA	NA	NA	NA	NA	NA	forsmani
E5325	O104-3	5325	M15-6	28/06/2024	28/08/2024	F	NA	0	1	0	0	0	0	0	0	1	0	0	1	0	0	0	0	0	NA	1	0	0	0	1	0	1	NA	NA	NA	NA	NA	0	NA	NA	NA	NA	NA	NA	NA	NA	NA	NA	NA	NA	NA	NA	NA	NA	NA	NA	NA	NA	DSC_0366	2,522		TRUE	offspring	NA	NA	NA	NA	NA	NA	NA	praehirsuta
E5326r1	O105-1	5326	M15-6	28/06/2024	28/08/2024	M	praehirsuta	0	1	0	1	0	0	1	1	4	0	0	1	0	0	0	0	0	0	1	0	0	0	0	0	0	1	4	0	0	5	0	13	35	4	0	52	14	42	10	0	66	13	35	20	0	68	12	28	>10	0	50	DSC_0367	2,004		TRUE	offspring	NA	NA	NA	NA	NA	NA	NA	praehirsuta
E5326r30	O105-1	5326	M15-6	28/06/2024	28/08/2024	M	praehirsuta	0	1	0	1	0	0	1	1	4	0	0	1	0	0	0	0	0	0	1	0	0	0	0	0	0	1	4	0	0	5	0	13	35	4	0	52	14	42	10	0	66	13	35	20	0	68	12	28	>10	0	50	DSC_0367	2,004		TRUE	offspring	NA	NA	NA	NA	NA	NA	NA	praehirsuta
E5327	O105-4	5327	M15-6	28/06/2024	28/08/2024	M	praehirsuta	1	0	1	1	0	0	0	1	4	0	1	0	0	0	0	0	0	0	1	0	0	0	0	0	0	0	1	0	0	1	0	8	33	1	0	42	9	40	6	0	55	9	30	6	0	45	9	27	7	0	43	DSC_0368	2,056		TRUE	offspring	NA	NA	NA	NA	NA	NA	NA	praehirsuta
E5328	O105-6	5328	M15-6	28/06/2024	28/08/2024	F	NA	0	1	0	1	0	0	0	0	2	0	0	0	1	0	0	0	0	NA	1	0	0	0	0	0	0	NA	NA	NA	NA	NA	0	NA	NA	NA	NA	NA	NA	NA	NA	NA	NA	NA	NA	NA	NA	NA	NA	NA	NA	NA	NA	DSC_0369	2,827		TRUE	offspring	NA	NA	NA	NA	NA	NA	NA	praehirsuta
E5329	O106-1	5329	M15-6	28/06/2024	28/08/2024	F	NA	0	1	0	0	0	0	0	0	1	0	0	1	0	0	0	0	0	NA	1	0	0	0	0	0	0	NA	NA	NA	NA	NA	0	NA	NA	NA	NA	NA	NA	NA	NA	NA	NA	NA	NA	NA	NA	NA	NA	NA	NA	NA	NA	DSC_0370	2,613		TRUE	offspring	NA	NA	NA	NA	NA	NA	NA	praehirsuta
E5330	O106-2	5330	M15-6	28/06/2024	28/08/2024	M	praehirsuta	0	1	1	1	0	0	1	1	5	0	0	0	1	0	0	0	0	0	1	0	0	0	0	0	0	0	1	0	0	1	0	11	40	1	0	52	13	33	9	0	55	12	34	10	0	56	9	27	12	0	48	DSC_0371	2,16		TRUE	offspring	NA	NA	NA	NA	NA	NA	NA	praehirsuta
E5331	O106-3	5331	M15-6	28/06/2024	28/08/2024	M	praehirsuta	0	1	1	1	0	1	0	0	4	0	0	0	1	0	0	0	0	0	1	0	0	0	0	0	0	0	1	0	0	1	0	12	35	1	0	48	15	40	10	0	65	12	46	13	0	71	12	28	11	0	51	DSC_0372	2,155		TRUE	offspring	NA	NA	NA	NA	NA	NA	NA	praehirsuta
E5332	O106-4	5332	M15-6	28/06/2024	28/08/2024	F	NA	0	1	0	1	0	0	0	0	2	0	0	1	0	0	0	0	0	NA	1	0	0	0	0	0	0	NA	NA	NA	NA	NA	0	NA	NA	NA	NA	NA	NA	NA	NA	NA	NA	NA	NA	NA	NA	NA	NA	NA	NA	NA	NA	DSC_0373	2,584		TRUE	offspring	NA	NA	NA	NA	NA	NA	NA	praehirsuta
E5333	O107-4	5333	M24-6	28/06/2024	28/08/2024	M	forsmani	0	1	1	0	0	0	0	0	2	0	1	0	1	0	0	0	0	0	2	0	0	0	0	0	0	0	0	0	0	0	0	0	0	0	0	0	0	0	0	0	0	0	0	0	0	0	0	0	0	0	0	DSC_0374	2,176		TRUE	offspring	NA	NA	NA	NA	NA	NA	NA	forsmani
E5334	O108-1	5334	M24-6	28/06/2024	28/08/2024	NA	NA	NA	NA	NA	NA	NA	NA	NA	NA	NA	NA	NA	NA	NA	NA	NA	NA	NA	NA	NA	NA	NA	NA	NA	NA	NA	NA	NA	NA	NA	NA	NA	NA	NA	NA	NA	NA	NA	NA	NA	NA	NA	NA	NA	NA	NA	NA	NA	NA	NA	NA	NA	DSC_0375	1,761	very small	TRUE	offspring	NA	NA	NA	NA	NA	NA	NA	forsmani
E5335	O108-3	5335	M24-6	28/06/2024	28/08/2024	F	NA	0	1	0	0	0	0	0	0	1	0	1	0	0	0	0	0	0	NA	1	0	0	0	0	0	0	NA	NA	NA	NA	NA	0	NA	NA	NA	NA	NA	NA	NA	NA	NA	NA	NA	NA	NA	NA	NA	NA	NA	NA	NA	NA	DSC_0376	2,592		TRUE	offspring	NA	NA	NA	NA	NA	NA	NA	forsmani
E5336	O108-4	5336	M24-6	28/06/2024	28/08/2024	F	NA	0	1	0	0	0	0	0	0	1	0	0	1	0	0	0	0	0	NA	1	0	0	0	0	0	0	NA	NA	NA	NA	NA	0	NA	NA	NA	NA	NA	NA	NA	NA	NA	NA	NA	NA	NA	NA	NA	NA	NA	NA	NA	NA	DSC_0377	2,729		TRUE	offspring	NA	NA	NA	NA	NA	NA	NA	forsmani
E5337	O108-5	5337	M24-6	28/06/2024	28/08/2024	M	forsmani	0	1	0	2	0	0	0	0	3	0	1	0	1	0	0	0	0	0	2	0	0	0	0	0	0	0	0	0	0	0	0	0	0	0	0	0	0	0	0	0	0	0	0	0	0	0	0	0	0	0	0	DSC_0378	2,197		TRUE	offspring	NA	NA	NA	NA	NA	NA	NA	forsmani
E5338	O108-6	5338	M24-6	28/06/2024	28/08/2024	M	forsmani	0	1	0	0	0	0	0	0	1	0	1	0	0	0	0	0	0	0	1	0	0	0	0	0	0	0	0	0	0	0	0	0	0	0	0	0	0	0	0	0	0	0	0	0	0	0	0	0	0	0	0	DSC_0379	2,094		TRUE	offspring	NA	NA	NA	NA	NA	NA	NA	forsmani
E5339	O109-2	5339	M24-6	28/06/2024	28/08/2024	F	NA	0	1	0	0	0	0	0	0	1	0	1	0	0	0	0	0	0	NA	1	0	0	0	0	0	0	NA	NA	NA	NA	NA	0	NA	NA	NA	NA	NA	NA	NA	NA	NA	NA	NA	NA	NA	NA	NA	NA	NA	NA	NA	NA	DSC_0380	2,36		TRUE	offspring	NA	NA	NA	NA	NA	NA	NA	forsmani
E5340	O109-3	5340	M24-6	28/06/2024	28/08/2024	M	forsmani	1	2	0	0	0	0	0	0	3	1	2	0	0	0	0	0	0	0	3	0	0	0	0	0	0	0	0	0	0	0	0	0	0	0	0	0	0	0	0	0	0	0	0	0	0	0	0	0	0	0	0	DSC_0381	2,196		TRUE	offspring	NA	NA	NA	NA	NA	NA	NA	forsmani
E5341	O109-5	5341	M24-6	28/06/2024	28/08/2024	M	forsmani	1	1	0	0	0	0	0	0	2	0	1	2	0	0	0	0	0	0	3	0	0	0	0	0	0	0	0	0	0	0	0	0	0	0	0	0	0	0	0	0	0	0	0	0	0	0	0	0	0	0	0	DSC_0382	2,16		TRUE	offspring	NA	NA	NA	NA	NA	NA	NA	forsmani
E5342r1	O109-6	5342	M24-6	28/06/2024	28/08/2024	NA	NA	0	1	0	0	0	0	0	0	1	0	0	1	0	0	0	0	0	NA	1	0	0	0	0	0	0	NA	NA	NA	NA	NA	0	NA	NA	NA	NA	NA	NA	NA	NA	NA	NA	NA	NA	NA	NA	NA	NA	NA	NA	NA	NA	DSC_0383	2,581		TRUE	offspring	NA	NA	NA	NA	NA	NA	NA	forsmani
E5342r30	O109-6	5342	M24-6	28/06/2024	28/08/2024	NA	NA	0	1	0	0	0	0	0	0	1	0	0	1	0	0	0	0	0	0	1	0	0	0	0	0	0	NA	NA	NA	NA	NA	0	NA	NA	NA	NA	NA	NA	NA	NA	NA	NA	NA	NA	NA	NA	NA	NA	NA	NA	NA	NA	DSC_0383	2,581		TRUE	offspring	NA	NA	NA	NA	NA	NA	NA	forsmani
E5343	O76-1	5343	M4-6	26/06/2024	28/08/2024	F	NA	1	1	0	0	0	1	0	0	3	0	1	0	0	0	0	0	0	NA	1	0	0	0	0	0	0	NA	NA	NA	NA	NA	0	NA	NA	NA	NA	NA	NA	NA	NA	NA	NA	NA	NA	NA	NA	NA	NA	NA	NA	NA	NA	DSC_0384	2,757		TRUE	offspring	NA	NA	NA	NA	NA	NA	NA	forsmani
E5344	O76-2	5344	M4-6	26/06/2024	28/08/2024	M	forsmani	1	1	0	0	0	1	0	0	3	0	1	1	0	0	0	0	0	0	2	0	0	0	0	0	0	0	0	0	0	0	0	0	0	0	0	0	0	0	0	0	0	0	0	0	0	0	0	0	0	0	0	DSC_0385	2,363		TRUE	offspring	NA	NA	NA	NA	NA	NA	NA	forsmani
E5345r1	O76-3	5345	M4-6	26/06/2024	28/08/2024	F	NA	0	0	1	0	0	0	0	0	1	0	0	1	0	0	0	0	0	NA	1	0	0	0	0	0	0	NA	NA	NA	NA	NA	0	NA	NA	NA	NA	NA	NA	NA	NA	NA	NA	NA	NA	NA	NA	NA	NA	NA	NA	NA	NA	DSC_0386	2,621		TRUE	offspring	NA	NA	NA	NA	NA	NA	NA	forsmani
E5345r20	O76-3	5345	M4-6	26/06/2024	28/08/2024	F	NA	0	0	1	0	0	0	0	0	1	0	0	1	0	0	0	0	0	NA	1	0	0	0	0	0	0	NA	NA	NA	NA	NA	0	NA	NA	NA	NA	NA	NA	NA	NA	NA	NA	NA	NA	NA	NA	NA	NA	NA	NA	NA	NA	DSC_0386	2,621		TRUE	offspring	NA	NA	NA	NA	NA	NA	NA	forsmani
E5346	O77-1	5346	M18-6	26/06/2024	28/08/2024	M	praehirsuta	0	1	0	2	0	0	0	0	3	0	0	0	1	0	0	0	0	0	1	0	0	0	0	0	0	0	0	0	0	0	0	9	33	1	0	43	13	41	9	0	63	14	24	9	0	47	12	22	8	0	42	DSC_0387	2,197		TRUE	offspring	NA	NA	NA	NA	NA	NA	NA	praehirsuta
E5348	O77-3	5348	M18-6	26/06/2024	28/08/2024	F	NA	0	1	0	0	0	0	0	0	1	0	0	0	1	0	0	0	0	NA	1	0	0	0	0	0	0	NA	NA	NA	NA	NA	0	NA	NA	NA	NA	NA	NA	NA	NA	NA	NA	NA	NA	NA	NA	NA	NA	NA	NA	NA	NA	DSC_0389	2,611		TRUE	offspring	NA	NA	NA	NA	NA	NA	NA	praehirsuta
E5349	O77-4	5349	M18-6	26/06/2024	28/08/2024	F	NA	0	0	1	0	0	0	0	0	1	0	0	0	1	0	0	0	0	NA	1	0	0	0	0	0	0	NA	NA	NA	NA	NA	0	NA	NA	NA	NA	NA	NA	NA	NA	NA	NA	NA	NA	NA	NA	NA	NA	NA	NA	NA	NA	DSC_0390	2,58		TRUE	offspring	NA	NA	NA	NA	NA	NA	NA	praehirsuta
E5350	O77-5	5350	M18-6	26/06/2024	28/08/2024	M	praehirsuta	1	0	1	0	0	0	0	0	2	0	0	0	1	0	0	0	0	0	1	0	0	0	0	0	0	0	0	0	0	0	0	4	30	1	0	35	8	36	6	0	50	9	32	7	0	48	10	21	9	0	40	DSC_0391	2,106		TRUE	offspring	NA	NA	NA	NA	NA	NA	NA	praehirsuta
E5353	O78-2	5353	M18-6	26/06/2024	28/08/2024	M	praehirsuta	1	1	0	0	0	0	0	1	3	0	0	0	1	0	0	0	0	0	1	0	0	0	0	0	0	0	0	0	0	0	0	7	33	1	0	41	8	35	6	0	49	12	31	7	0	50	8	27	10	0	45	DSC_0394	2,14		TRUE	offspring	NA	NA	NA	NA	NA	NA	NA	praehirsuta
E5355	O78-4	5355	M18-6	26/06/2024	28/08/2024	F	NA	0	1	0	0	0	0	0	0	1	0	0	0	0	0	0	0	0	NA	0	0	0	0	0	0	0	NA	NA	NA	NA	NA	0	NA	NA	NA	NA	NA	NA	NA	NA	NA	NA	NA	NA	NA	NA	NA	NA	NA	NA	NA	NA	DSC_0396	2,951		TRUE	offspring	NA	NA	NA	NA	NA	NA	NA	praehirsuta
E5360	O79-1	5360	M18-6	26/06/2024	29/08/2024	M	praehirsuta	0	1	0	2	0	0	0	0	3	0	0	1	1	0	0	0	0	0	2	0	0	0	0	0	0	0	0	0	0	0	0	8	33	12	0	53	7	38	12	0	57	10	27	10	0	47	9	22	7	0	38	DSC_0399	2,201		TRUE	offspring	NA	NA	NA	NA	NA	NA	NA	praehirsuta
E5362	O79-4	5362	M18-6	26/06/2024	29/08/2024	F	NA	0	1	0	0	0	0	0	0	1	0	0	1	0	0	0	0	0	NA	1	0	0	0	0	0	0	NA	NA	NA	NA	NA	0	NA	NA	NA	NA	NA	NA	NA	NA	NA	NA	NA	NA	NA	NA	NA	NA	NA	NA	NA	NA	DSC_0401	2,883		TRUE	offspring	NA	NA	NA	NA	NA	NA	NA	praehirsuta
E5364	O79-6	5364	M18-6	26/06/2024	29/08/2024	F	NA	0	1	0	0	0	0	0	0	1	0	0	1	0	0	0	0	0	NA	1	0	0	0	0	0	0	NA	NA	NA	NA	NA	0	NA	NA	NA	NA	NA	NA	NA	NA	NA	NA	NA	NA	NA	NA	NA	NA	NA	NA	NA	NA	DSC_0403	2,705		TRUE	offspring	NA	NA	NA	NA	NA	NA	NA	praehirsuta
E5366	O80-2	5366	M18-6	26/06/2024	29/08/2024	M	praehirsuta	1	0	1	0	0	0	1	0	3	0	1	0	0	0	0	0	0	0	1	0	0	0	0	0	0	0	0	0	0	0	0	12	50	1	0	63	10	38	9	0	57	13	37	10	0	60	13	28	8	0	49	DSC_0405	2,144		TRUE	offspring	NA	NA	NA	NA	NA	NA	NA	praehirsuta
E5367	O80-3	5367	M18-6	26/06/2024	29/08/2024	M	praehirsuta	1	0	1	0	0	0	0	0	2	0	0	1	0	0	0	0	0	0	1	0	0	0	0	0	0	0	0	0	0	0	0	11	40	1	0	52	16	36	8	0	60	10	31	10	0	51	11	21	14	0	46	DSC_0406	2,147		TRUE	offspring	NA	NA	NA	NA	NA	NA	NA	praehirsuta
E5369	O80-5	5369	M18-6	26/06/2024	29/08/2024	F	NA	0	1	0	0	0	0	0	0	1	0	0	0	1	0	0	0	0	NA	1	0	0	0	0	0	0	NA	NA	NA	NA	NA	0	NA	NA	NA	NA	NA	NA	NA	NA	NA	NA	NA	NA	NA	NA	NA	NA	NA	NA	NA	NA	DSC_0408	2,888		TRUE	offspring	NA	NA	NA	NA	NA	NA	NA	praehirsuta
E5370	O81-1	5370	M20-6	26/06/2024	29/08/2024	M	praehirsuta	0	1	1	0	0	0	0	0	2	0	0	0	1	0	0	0	0	0	1	0	0	0	0	0	0	0	0	0	0	0	0	5	20	1	0	26	8	31	4	0	43	7	26	4	0	37	7	22	7	0	36	DSC_0409	1,872		TRUE	offspring	NA	NA	NA	NA	NA	NA	NA	praehirsuta
E5371	O81-2	5371	M20-6	26/06/2024	29/08/2024	M	praehirsuta	1	0	1	0	0	0	1	0	3	0	0	1	0	0	0	0	0	0	1	0	0	0	0	0	0	0	0	0	0	0	0	11	37	11	0	59	12	>35	6	0	53	10	43	9	0	62	9	30	9	0	48	DSC_0410	2,07		TRUE	offspring	NA	NA	NA	NA	NA	NA	NA	praehirsuta
E5374	O81-5	5374	M20-6	26/06/2024	29/08/2024	F	NA	0	1	0	0	0	0	0	0	1	0	0	0	1	0	0	0	0	NA	1	0	0	0	0	0	0	NA	NA	NA	NA	NA	0	NA	NA	NA	NA	NA	NA	NA	NA	NA	NA	NA	NA	NA	NA	NA	NA	NA	NA	NA	NA	DSC_0413	2,922		TRUE	offspring	NA	NA	NA	NA	NA	NA	NA	praehirsuta
E5375r1	O81-6	5375	M20-6	26/06/2024	29/08/2024	F	NA	0	1	0	0	0	0	0	0	1	0	0	0	1	0	0	0	0	NA	1	0	0	0	0	0	0	NA	NA	NA	NA	NA	0	NA	NA	NA	NA	NA	NA	NA	NA	NA	NA	NA	NA	NA	NA	NA	NA	NA	NA	NA	NA	DSC_0414	3,025		TRUE	offspring	NA	NA	NA	NA	NA	NA	NA	praehirsuta
E5375r30	O81-6	5375	M20-6	26/06/2024	29/08/2024	F	NA	0	1	0	0	0	0	0	0	1	0	0	0	1	0	0	0	0	NA	1	0	0	0	0	0	0	NA	NA	NA	NA	NA	0	NA	NA	NA	NA	NA	NA	NA	NA	NA	NA	NA	NA	NA	NA	NA	NA	NA	NA	NA	NA	DSC_0414	3,025		TRUE	offspring	NA	NA	NA	NA	NA	NA	NA	praehirsuta
E5376	O82-1	5376	M20-6	26/06/2024	29/08/2024	M	praehirsuta	0	1	0	1	0	0	0	0	2	0	1	0	0	0	0	0	0	1	1	0	0	0	0	0	0	0	0	0	0	0	0	6	43	1	0	50	9	39	12	0	60	13	36	11	0	60	10	26	10	0	46	DSC_0415	1,966		TRUE	offspring	NA	NA	NA	NA	NA	NA	NA	praehirsuta
E5378	O82-3	5378	M20-6	26/06/2024	29/08/2024	M	praehirsuta	0	1	1	0	0	0	0	0	2	0	0	0	1	0	0	0	0	0	1	0	0	0	0	0	0	0	1	0	0	1	0	8	34	2	0	44	11	43	10	0	64	8	33	11	0	52	11	34	9	0	54	DSC_0417	2,158		TRUE	offspring	NA	NA	NA	NA	NA	NA	NA	praehirsuta
E5379	O82-5	5379	M20-6	26/06/2024	29/08/2024	F	NA	0	1	0	0	0	0	0	0	1	0	0	0	1	0	0	0	0	NA	1	0	0	0	0	0	0	NA	NA	NA	NA	NA	0	NA	NA	NA	NA	NA	NA	NA	NA	NA	NA	NA	NA	NA	NA	NA	NA	NA	NA	NA	NA	DSC_0418	3,007		TRUE	offspring	NA	NA	NA	NA	NA	NA	NA	praehirsuta
E5380b	O82-6	5380	M20-6	26/06/2024	29/08/2024	F	NA	0	0	1	0	0	0	0	0	1	0	0	0	1	0	0	0	0	NA	1	0	0	0	0	0	0	NA	NA	NA	NA	NA	0	NA	NA	NA	NA	NA	NA	NA	NA	NA	NA	NA	NA	NA	NA	NA	NA	NA	NA	NA	NA	DSC_0419	2,243		TRUE	offspring	NA	NA	NA	NA	NA	NA	NA	praehirsuta
E5382	O83-2	5382	M20-6	26/06/2024	29/08/2024	M	praehirsuta	1	0	0	0	0	0	0	0	1	0	1	0	0	0	0	0	0	0	1	0	0	0	0	0	0	0	0	0	0	0	0	8	38	0	0	46	11	36	5	0	52	10	30	7	0	47	12	24	7	0	43	DSC_0421	2,004		TRUE	offspring	NA	NA	NA	NA	NA	NA	NA	praehirsuta
E5384	O83-5	5384	M20-6	26/06/2024	29/08/2024	M	praehirsuta	1	0	0	1	0	0	0	1	3	0	0	0	1	0	0	0	0	0	1	0	0	0	0	0	0	0	1	0	0	1	0	8	>40	0	0	48	9	29	9	0	47	14	40	11	0	65	8	32	13	0	53	DSC_0423	2,05		TRUE	offspring	NA	NA	NA	NA	NA	NA	NA	praehirsuta
E5387b	O84-3	5387	M20-6	26/06/2024	29/08/2024	F	NA	0	1	0	0	0	0	0	0	1	0	0	1	0	0	0	0	0	NA	1	0	0	0	0	0	0	NA	NA	NA	NA	NA	0	NA	NA	NA	NA	NA	NA	NA	NA	NA	NA	NA	NA	NA	NA	NA	NA	NA	NA	NA	NA	DSC_0426	2,364		TRUE	offspring	NA	NA	NA	NA	NA	NA	NA	praehirsuta
E5388	O84-5	5388	M20-6	26/06/2024	29/08/2024	F	NA	0	0	1	0	0	0	0	0	1	0	0	0	1	0	0	0	0	NA	1	0	0	0	0	0	0	NA	NA	NA	NA	NA	0	NA	NA	NA	NA	NA	NA	NA	NA	NA	NA	NA	NA	NA	NA	NA	NA	NA	NA	NA	NA	DSC_0427	2,648		TRUE	offspring	NA	NA	NA	NA	NA	NA	NA	praehirsuta
E5404	O110-2	5404	M12-6	01/07/2024	30/08/2024	M	forsmani	1	1	1	0	0	1	0	0	4	0	1	0	1	0	0	0	0	0	2	0	0	0	0	0	0	0	0	0	0	0	0	0	0	0	0	0	0	0	0	0	0	0	0	0	0	0	0	0	0	0	0	DSC_0430	2,126		TRUE	offspring	NA	NA	NA	NA	NA	NA	NA	forsmani
E5405	O110-3	5405	M12-6	01/07/2024	30/08/2024	F	NA	0	1	0	0	0	0	0	0	1	0	0	1	0	0	0	0	0	NA	1	0	0	0	0	0	0	NA	NA	NA	NA	NA	0	NA	NA	NA	NA	NA	NA	NA	NA	NA	NA	NA	NA	NA	NA	NA	NA	NA	NA	NA	NA	DSC_0431	2,747		TRUE	offspring	NA	NA	NA	NA	NA	NA	NA	forsmani
E5409b	O111-1	5409	M12-6	01/07/2024	30/08/2024	F	NA	0	1	0	0	0	0	0	0	1	0	1	0	0	0	0	0	0	NA	1	0	0	0	0	0	0	NA	NA	NA	NA	NA	0	NA	NA	NA	NA	NA	NA	NA	NA	NA	NA	NA	NA	NA	NA	NA	NA	NA	NA	NA	NA	DSC_0435	2,475		TRUE	offspring	NA	NA	NA	NA	NA	NA	NA	forsmani
E5411b	O111-4	5411	M12-6	01/07/2024	30/08/2024	F	NA	1	1	0	0	0	0	0	0	2	1	0	0	1	0	0	0	0	NA	2	0	0	0	1	0	1	NA	NA	NA	NA	NA	0	NA	NA	NA	NA	NA	NA	NA	NA	NA	NA	NA	NA	NA	NA	NA	NA	NA	NA	NA	NA	DSC_0437	2,212		TRUE	offspring	NA	NA	NA	NA	NA	NA	NA	forsmani
E5412	O111-5	5412	M12-6	01/07/2024	30/08/2024	M	forsmani	0	3	0	0	0	0	0	0	3	1	1	0	1	0	0	0	0	0	3	0	0	0	1	0	1	0	0	0	0	0	0	0	0	0	0	0	0	0	0	0	0	0	0	0	0	0	0	0	0	0	0	DSC_0438	2,276		TRUE	offspring	NA	NA	NA	NA	NA	NA	NA	forsmani
E5414	O112-2	5414	M12-6	01/07/2024	30/08/2024	M	forsmani	0	3	0	0	0	0	0	0	3	0	1	1	1	0	0	0	0	0	3	0	0	0	0	0	0	0	0	0	0	0	0	0	0	0	0	0	0	0	0	0	0	0	0	0	0	0	0	0	0	0	0	DSC_0440	2,192		TRUE	offspring	NA	NA	NA	NA	NA	NA	NA	forsmani
E5416	O112-4	5416	M12-6	01/07/2024	30/08/2024	M	forsmani	1	1	0	0	0	0	0	0	2	1	1	0	0	0	0	0	0	0	2	0	0	0	1	0	1	0	0	0	0	0	0	0	0	0	0	0	0	0	0	0	0	0	0	0	0	0	0	0	0	0	0	DSC_0442	2,211		TRUE	offspring	NA	NA	NA	NA	NA	NA	NA	forsmani
E5417b	O112-5	5417	M12-6	01/07/2024	30/08/2024	F	NA	0	1	0	0	0	0	0	0	1	0	0	1	0	0	0	0	0	NA	1	0	0	0	1	0	1	NA	NA	NA	NA	NA	0	NA	NA	NA	NA	NA	NA	NA	NA	NA	NA	NA	NA	NA	NA	NA	NA	NA	NA	NA	NA	DSC_0443	2,431		TRUE	offspring	NA	NA	NA	NA	NA	NA	NA	forsmani
E5418	O112-6	5418	M12-6	01/07/2024	30/08/2024	F	NA	0	1	0	0	0	0	0	0	1	0	1	0	0	0	0	0	0	NA	1	0	0	0	0	0	0	NA	NA	NA	NA	NA	0	NA	NA	NA	NA	NA	NA	NA	NA	NA	NA	NA	NA	NA	NA	NA	NA	NA	NA	NA	NA	DSC_0444	2,706		TRUE	offspring	NA	NA	NA	NA	NA	NA	NA	forsmani
E5422	O113-4	5422	M12-6	01/07/2024	30/08/2024	M	forsmani	1	1	0	0	0	0	0	0	2	0	1	2	0	0	0	0	0	0	3	0	0	0	1	0	1	0	0	0	0	0	0	0	0	0	0	0	0	0	0	0	0	0	0	0	0	0	0	0	0	0	0	DSC_0448	2,228		TRUE	offspring	NA	NA	NA	NA	NA	NA	NA	forsmani
E5423	O113-5	5423	M12-6	01/07/2024	30/08/2024	M	forsmani	0	2	0	0	0	0	0	0	2	0	1	1	0	0	0	0	0	0	2	0	0	0	0	0	0	0	0	0	0	0	0	0	0	0	0	0	0	0	0	0	0	0	0	0	0	0	0	0	0	0	0	DSC_0449	2,125		TRUE	offspring	NA	NA	NA	NA	NA	NA	NA	forsmani
E5424a	O113-6	5424	M12-6	01/07/2024	30/08/2024	F	NA	0	1	0	0	0	0	0	0	1	0	0	1	0	0	0	0	0	NA	1	0	0	0	0	0	0	NA	NA	NA	NA	NA	0	NA	NA	NA	NA	NA	NA	NA	NA	NA	NA	NA	NA	NA	NA	NA	NA	NA	NA	NA	NA	DSC_0450	2,678		TRUE	offspring	NA	NA	NA	NA	NA	NA	NA	forsmani
E5424b	O113-6	5424	M12-6	01/07/2024	30/08/2024	F	NA	0	1	0	0	0	0	0	0	1	0	0	1	0	0	0	0	0	NA	1	0	0	0	0	0	0	NA	NA	NA	NA	NA	0	NA	NA	NA	NA	NA	NA	NA	NA	NA	NA	NA	NA	NA	NA	NA	NA	NA	NA	NA	NA	DSC_0450	2,678		TRUE	offspring	NA	NA	NA	NA	NA	NA	NA	forsmani
E5425	O85-5	5425	M23-6	26/06/2024	30/08/2024	M	forsmani	0	1	1	0	0	0	0	0	2	0	1	0	1	0	0	0	0	0	2	0	0	0	0	0	0	0	0	0	0	0	0	0	0	0	0	0	0	0	0	0	0	0	0	0	0	0	0	0	0	0	0	DSC_0451	NA	No scale on photo	TRUE	offspring	NA	NA	NA	NA	NA	NA	NA	forsmani
E5426	O85-6	5426	M23-6	26/06/2024	30/08/2024	M	forsmani	1	1	0	0	0	0	0	0	2	0	1	1	1	0	0	0	0	0	3	0	0	0	0	0	0	0	0	0	0	0	0	0	0	0	0	0	0	0	0	0	0	0	0	0	0	0	0	0	0	0	0	DSC_0452-DSC_0455	1,831		TRUE	offspring	NA	NA	NA	NA	NA	NA	NA	forsmani
E5427	O86-1	5427	M23-6	26/06/2024	30/08/2024	F	NA	0	1	0	0	0	0	0	0	1	0	1	0	0	0	0	0	0	NA	1	0	0	0	0	0	0	NA	NA	NA	NA	NA	0	NA	NA	NA	NA	NA	NA	NA	NA	NA	NA	NA	NA	NA	NA	NA	NA	NA	NA	NA	NA	DSC_0456	2,91		TRUE	offspring	NA	NA	NA	NA	NA	NA	NA	forsmani
E5430	O86-5	5430	M23-6	26/06/2024	30/08/2024	F	NA	0	0	1	0	0	0	0	0	1	0	0	1	0	0	0	0	0	NA	1	0	0	0	0	0	0	NA	NA	NA	NA	NA	0	NA	NA	NA	NA	NA	NA	NA	NA	NA	NA	NA	NA	NA	NA	NA	NA	NA	NA	NA	NA	DSC_0459	2,591		TRUE	offspring	NA	NA	NA	NA	NA	NA	NA	forsmani
E5442	O114-2	5442	M1-6	03/07/2024	02/09/2024	M	forsmani	1	0	0	1	0	0	0	0	2	0	1	0	2	0	0	0	0	0	3	0	0	0	0	0	0	0	0	0	0	0	0	0	0	0	0	0	0	0	0	0	0	0	0	0	0	0	0	0	0	0	0	DSC_0467	2,107		TRUE	offspring	NA	NA	NA	NA	NA	NA	NA	forsmani
E5443	O114-4	5443	M1-6	03/07/2024	02/09/2024	F	NA	0	1	0	0	0	0	0	0	1	0	1	0	0	0	0	0	0	NA	1	0	0	0	0	0	0	NA	NA	NA	NA	NA	0	NA	NA	NA	NA	NA	NA	NA	NA	NA	NA	NA	NA	NA	NA	NA	NA	NA	NA	NA	NA	DSC_0468	2,617		TRUE	offspring	NA	NA	NA	NA	NA	NA	NA	forsmani
E5444b	O114-5	5444	M1-6	03/07/2024	02/09/2024	F	NA	0	1	0	0	0	0	0	0	1	0	1	0	0	0	0	0	0	NA	1	0	0	0	0	0	0	NA	NA	NA	NA	NA	0	NA	NA	NA	NA	NA	NA	NA	NA	NA	NA	NA	NA	NA	NA	NA	NA	NA	NA	NA	NA	DSC_0469	2,871		TRUE	offspring	NA	NA	NA	NA	NA	NA	NA	forsmani
E5445	O115-6	5445	M1-6	03/07/2024	02/09/2024	M	forsmani	1	0	2	0	0	0	0	0	3	1	0	0	2	0	0	0	0	0	3	0	0	0	0	0	0	0	0	0	0	0	0	0	0	0	0	0	0	0	0	0	0	0	0	0	0	0	0	0	0	0	0	DSC_0470	2,183		TRUE	offspring	NA	NA	NA	NA	NA	NA	NA	forsmani
E5446	O116-1	5446	M1-6	03/07/2024	02/09/2024	M	forsmani	1	1	1	0	0	0	0	0	3	1	0	2	0	0	0	0	0	0	3	0	0	0	0	0	0	0	0	0	0	0	0	0	0	0	0	0	0	0	0	0	0	0	0	0	0	0	0	0	0	0	0	DSC_0471	2,198		TRUE	offspring	NA	NA	NA	NA	NA	NA	NA	forsmani
E5447	O116-2	5447	M10-1	03/07/2024	02/09/2024	M	forsmani	1	1	0	0	0	0	0	0	2	1	0	0	0	0	0	0	0	0	1	0	0	0	0	0	0	0	0	0	0	0	0	0	0	0	0	0	0	0	0	0	0	0	0	0	0	0	0	0	0	0	0	DSC_0472	2,451	This individual was not added to the right plate (written M1-6 in the lab notebook). COLONY indicated that this individual is an offspring of the M10-1 mother. It might have been switched from one plate to the other when changing the water.	TRUE	offspring	NA	NA	NA	NA	NA	NA	NA	praehirsuta
E5448b	O116-3	5448	M1-6	03/07/2024	02/09/2024	F	NA	0	1	0	0	0	0	0	0	1	0	1	0	0	0	0	0	0	NA	1	0	0	0	0	0	0	NA	NA	NA	NA	NA	0	NA	NA	NA	NA	NA	NA	NA	NA	NA	NA	NA	NA	NA	NA	NA	NA	NA	NA	NA	NA	DSC_0473	2,962		TRUE	offspring	NA	NA	NA	NA	NA	NA	NA	forsmani
E5449	O116-5	5449	M10-1	03/07/2024	02/09/2024	M	forsmani	0	1	0	0	0	0	0	0	1	0	0	1	0	0	0	0	0	0	1	0	0	0	0	0	0	0	0	0	0	0	0	0	0	0	0	0	0	0	0	0	0	0	0	0	0	0	0	0	0	0	0	DSC_0474	2,033	This individual was not added to the right plate (written M1-6 in the lab notebook). COLONY indicated that this individual is an offspring of the M10-1 mother. It might have been switched from one plate to the other when changing the water.	TRUE	offspring	NA	NA	NA	NA	NA	NA	NA	praehirsuta
E5450b	O117-2	5450	M1-6	03/07/2024	02/09/2024	F	NA	0	1	0	0	0	0	0	0	1	0	1	0	0	0	0	0	0	NA	1	0	0	0	0	0	0	NA	NA	NA	NA	NA	0	NA	NA	NA	NA	NA	NA	NA	NA	NA	NA	NA	NA	NA	NA	NA	NA	NA	NA	NA	NA	DSC_0475	2,962		TRUE	offspring	NA	NA	NA	NA	NA	NA	NA	forsmani
E5451	O117-3	5451	M1-6	03/07/2024	02/09/2024	F	NA	0	1	0	0	0	0	0	0	1	0	1	0	0	0	0	0	0	NA	1	0	0	0	0	0	0	NA	NA	NA	NA	NA	0	NA	NA	NA	NA	NA	NA	NA	NA	NA	NA	NA	NA	NA	NA	NA	NA	NA	NA	NA	NA	DSC_0476	3,442		TRUE	offspring	NA	NA	NA	NA	NA	NA	NA	forsmani
E5452	O117-6	5452	M1-6	03/07/2024	02/09/2024	M	forsmani	1	1	1	0	0	0	0	0	3	1	0	0	2	0	0	0	0	0	3	0	0	0	0	0	0	0	0	0	0	0	0	0	0	0	0	0	0	0	0	0	0	0	0	0	0	0	0	0	0	0	0	DSC_0477	2,376		TRUE	offspring	NA	NA	NA	NA	NA	NA	NA	forsmani
E5453	O118-1	5453	M1-6	03/07/2024	02/09/2024	M	forsmani	0	1	2	0	0	0	0	0	3	0	1	0	2	0	0	0	0	0	3	0	0	0	1	0	1	0	0	0	0	0	0	0	0	0	0	0	0	0	0	0	0	0	0	0	0	0	0	0	0	0	0	DSC_0478	2,296	"Hybrid brood?; This individual was not added to the right plate (written M10-1 in the lab notebook). COLONY indicated that this individual is an offspring of the M1-6 mother. It might have stayed in the cone of the isolation pipette between plates."	TRUE	offspring	NA	NA	NA	NA	NA	NA	NA	forsmani
E5454	O118-2	5454	M10-1	03/07/2024	02/09/2024	F	NA	0	1	0	0	0	0	0	0	1	0	0	0	1	0	0	0	0	NA	1	0	0	0	0	0	0	NA	NA	NA	NA	NA	0	NA	NA	NA	NA	NA	NA	NA	NA	NA	NA	NA	NA	NA	NA	NA	NA	NA	NA	NA	NA	DSC_0479	2,684	Hybrid brood?	TRUE	offspring	NA	NA	NA	NA	NA	NA	NA	praehirsuta
E5455	O119-1	5455	M10-1	03/07/2024	02/09/2024	M	praehirsuta	0	1	1	1	0	0	0	0	3	0	0	0	2	0	0	0	0	0	2	0	0	0	0	0	0	0	0	0	0	0	0	8	45	0	0	53	14	36	6	0	56	13	>35	8	0	56	12	34	10	0	56	DSC_0480	1,985	P4-P1: long setae and the other P6 only has one small spine. Hybrid brood?	TRUE	offspring	NA	NA	NA	NA	NA	NA	NA	praehirsuta
E5456	O119-2	5456	M10-1	03/07/2024	02/09/2024	F	NA	0	0	1	0	0	0	0	0	1	0	0	1	0	0	0	0	0	NA	1	0	0	0	0	0	0	NA	NA	NA	NA	NA	0	NA	NA	NA	NA	NA	NA	NA	NA	NA	NA	NA	NA	NA	NA	NA	NA	NA	NA	NA	NA	DSC_0481	2,42		TRUE	offspring	NA	NA	NA	NA	NA	NA	NA	praehirsuta
E5463	O121-1	5463	M10-1	03/07/2024	NA	M	praehirsuta	NA	NA	NA	NA	NA	NA	NA	NA	NA	NA	NA	NA	NA	NA	NA	NA	NA	NA	NA	NA	NA	NA	NA	NA	NA	NA	NA	NA	NA	NA	NA	NA	NA	NA	NA	NA	NA	NA	NA	NA	NA	NA	NA	NA	NA	NA	NA	NA	NA	NA	NA	DSC_0490	1,736	Processed dead, typical phenotype of praehirsuta, setae not counted	TRUE	offspring	NA	NA	NA	NA	NA	NA	NA	praehirsuta
E5458	O119-4	5458	M10-1	03/07/2024	02/09/2024	M	praehirsuta	0	1	0	0	0	0	0	0	1	0	1	0	0	0	0	0	0	0	1	0	0	0	0	0	0	0	2	0	0	2	0	9	>30	1	0	40	11	>39	7	0	57	13	34	7	0	54	12	17	9	0	38	DSC_0483	1,956		TRUE	offspring	NA	NA	NA	NA	NA	NA	NA	praehirsuta
E5531	O140-4	5531	M10-6	08/07/2024	05/09/2024	M	praehirsuta	1	1	0	1	0	0	0	0	3	0	0	0	1	0	0	0	0	0	1	0	0	0	0	0	0	0	1	0	0	1	0	9	43	2	0	54	17	40	10	0	67	14	33	10	0	57	12	28	12	0	52	DSC_0560	2,043		TRUE	offspring	NA	NA	NA	NA	NA	NA	NA	praehirsuta
E5460	O120-1	5460	M10-1	03/07/2024	02/09/2024	M	praehirsuta	0	1	0	0	0	0	0	0	1	0	0	0	1	0	0	0	0	0	1	0	0	0	0	0	0	0	0	0	0	0	0	10	44	1	0	55	12	31	5	0	48	11	30	7	0	48	10	19	9	0	38	DSC_0485-DSC_0487	1,809		TRUE	offspring	NA	NA	NA	NA	NA	NA	NA	praehirsuta
E5461	O120-2	5461	M10-1	03/07/2024	02/09/2024	M	praehirsuta	0	1	0	2	0	0	0	0	3	0	0	0	1	0	0	0	0	0	1	0	0	0	0	0	0	0	1	0	0	1	0	10	42	3	0	55	11	40	9	0	60	10	42	10	0	62	9	30	9	0	48	DSC_0488	1,926		TRUE	offspring	NA	NA	NA	NA	NA	NA	NA	praehirsuta
E5462	O120-6	5462	M10-1	03/07/2024	02/09/2024	F	NA	0	1	0	0	0	0	0	0	1	0	0	0	1	0	0	0	0	NA	1	0	0	0	0	0	0	NA	NA	NA	NA	NA	0	NA	NA	NA	NA	NA	NA	NA	NA	NA	NA	NA	NA	NA	NA	NA	NA	NA	NA	NA	NA	DSC_0489	2,629		TRUE	offspring	NA	NA	NA	NA	NA	NA	NA	praehirsuta
E5464r1	O122-4	5464	M13-1	01/07/2024	02/09/2024	M	forsmani	1	1	0	0	0	0	0	0	2	1	0	1	0	0	0	0	0	0	2	0	0	0	0	0	0	0	0	0	0	0	0	0	0	0	0	0	0	0	0	0	0	0	0	0	0	0	0	0	0	0	0	DSC_0491	2,405		TRUE	offspring	NA	NA	NA	NA	NA	NA	NA	forsmani
E5464r30	O122-4	5464	M13-1	01/07/2024	02/09/2024	M	forsmani	1	1	0	0	0	0	0	0	2	1	0	1	0	0	0	0	0	0	2	0	0	0	0	0	0	0	0	0	0	0	0	0	0	0	0	0	0	0	0	0	0	0	0	0	0	0	0	0	0	0	0	DSC_0491	2,405		TRUE	offspring	NA	NA	NA	NA	NA	NA	NA	forsmani
E5465	O122-5	5465	M13-1	01/07/2024	02/09/2024	F	NA	0	1	0	0	0	0	0	0	1	0	0	1	0	0	0	0	0	NA	1	0	0	0	0	0	0	NA	NA	NA	NA	NA	0	NA	NA	NA	NA	NA	NA	NA	NA	NA	NA	NA	NA	NA	NA	NA	NA	NA	NA	NA	NA	DSC_0492	2,719		TRUE	offspring	NA	NA	NA	NA	NA	NA	NA	forsmani
E5466	O123-1	5466	M13-1	01/07/2024	02/09/2024	M	forsmani	1	2	0	0	0	0	1	0	4	1	1	0	1	0	0	0	0	0	3	0	0	0	1	0	1	0	0	0	0	0	0	0	0	0	0	0	0	0	0	0	0	0	0	0	0	0	0	0	0	0	0	DSC_0493	2,179		TRUE	offspring	NA	NA	NA	NA	NA	NA	NA	forsmani
E5467	O123-2	5467	M13-1	01/07/2024	02/09/2024	F	NA	0	0	1	0	0	0	0	0	1	0	0	0	1	0	0	0	0	NA	1	0	0	0	0	0	0	NA	NA	NA	NA	NA	0	NA	NA	NA	NA	NA	NA	NA	NA	NA	NA	NA	NA	NA	NA	NA	NA	NA	NA	NA	NA	DSC_0494	1,952		TRUE	offspring	NA	NA	NA	NA	NA	NA	NA	forsmani
E5468	O123-3	5468	M13-1	01/07/2024	02/09/2024	F	NA	0	1	0	0	0	0	0	0	1	0	1	0	0	0	0	0	0	NA	1	0	0	0	0	0	0	NA	NA	NA	NA	NA	0	NA	NA	NA	NA	NA	NA	NA	NA	NA	NA	NA	NA	NA	NA	NA	NA	NA	NA	NA	NA	DSC_0495	2,851		TRUE	offspring	NA	NA	NA	NA	NA	NA	NA	forsmani
E5469	O123-5	5469	M13-1	01/07/2024	02/09/2024	M	forsmani	1	1	1	0	0	0	0	0	3	1	1	0	1	0	0	0	0	0	3	0	0	0	0	0	0	0	0	0	0	0	0	0	0	0	0	0	0	0	0	0	0	0	0	0	0	0	0	0	0	0	0	DSC_0496	2,053		TRUE	offspring	NA	NA	NA	NA	NA	NA	NA	forsmani
E5470	O123-6	5470	M13-1	01/07/2024	02/09/2024	F	NA	0	1	0	0	0	0	0	0	1	0	1	0	0	0	0	0	0	NA	1	0	0	0	0	0	0	NA	NA	NA	NA	NA	0	NA	NA	NA	NA	NA	NA	NA	NA	NA	NA	NA	NA	NA	NA	NA	NA	NA	NA	NA	NA	DSC_0497	2,674		TRUE	offspring	NA	NA	NA	NA	NA	NA	NA	forsmani
E5471	O124-2	5471	M13-1	01/07/2024	02/09/2024	M	forsmani	0	1	0	1	0	0	0	0	2	0	1	0	1	0	0	0	0	0	2	0	0	0	0	0	0	0	0	0	0	0	0	0	0	0	0	0	0	0	0	0	0	0	0	0	0	0	0	0	0	0	0	DSC_0498	2,033		TRUE	offspring	NA	NA	NA	NA	NA	NA	NA	forsmani
E5472	O124-3	5472	M13-1	01/07/2024	02/09/2024	M	forsmani	0	2	1	0	0	0	0	0	3	0	1	1	1	0	0	0	0	0	3	0	0	0	1	0	1	0	0	0	0	0	0	0	0	0	0	0	0	0	1	0	1	0	2	2	0	4	0	0	1	0	1	DSC_0499	2,317		TRUE	offspring	NA	NA	NA	NA	NA	NA	NA	forsmani
E5473	O124-4	5473	M13-1	01/07/2024	02/09/2024	F	NA	0	1	0	0	0	0	0	0	1	0	1	0	0	0	0	0	0	NA	1	0	0	0	0	0	0	NA	NA	NA	NA	NA	0	NA	NA	NA	NA	NA	NA	NA	NA	NA	NA	NA	NA	NA	NA	NA	NA	NA	NA	NA	NA	DSC_0500	2,933		TRUE	offspring	NA	NA	NA	NA	NA	NA	NA	forsmani
E5474	O125-1	5474	M13-1	01/07/2024	02/09/2024	F	NA	0	1	0	0	0	0	0	0	1	0	0	1	0	0	0	0	0	NA	1	0	0	0	1	0	1	NA	NA	NA	NA	NA	0	NA	NA	NA	NA	NA	NA	NA	NA	NA	NA	NA	NA	NA	NA	NA	NA	NA	NA	NA	NA	DSC_0501	2,414		TRUE	offspring	NA	NA	NA	NA	NA	NA	NA	forsmani
E5477	O125-4	5477	M13-1	01/07/2024	02/09/2024	M	forsmani	1	1	1	0	0	0	0	0	3	0	1	2	0	0	0	0	0	0	3	0	0	0	0	0	0	0	0	0	0	0	0	0	0	0	0	0	0	1	0	0	1	0	1	0	0	1	0	0	0	0	0	DSC_0504	2,266	Slightly bent on photo	TRUE	offspring	NA	NA	NA	NA	NA	NA	NA	forsmani
E5478	O126-2	5478	M22-6	03/07/2024	02/09/2024	M	forsmani	0	1	0	2	0	0	0	1	4	0	1	0	2	0	0	0	0	0	3	0	0	0	0	0	0	0	0	0	0	0	0	0	0	0	0	0	0	0	0	0	0	0	0	0	0	0	0	0	0	0	0	DSC_0505	2,076	Squashed for phenotyping and in photo	TRUE	offspring	NA	NA	NA	NA	NA	NA	NA	forsmani
E5479	O126-3	5479	M22-6	03/07/2024	02/09/2024	M	forsmani	1	1	1	0	0	0	1	0	4	0	1	1	1	0	0	0	0	0	3	0	0	0	0	0	0	0	0	0	0	0	0	0	0	0	0	0	0	0	0	0	0	0	0	2	0	2	0	0	0	0	0	DSC_0506	2,143		TRUE	offspring	NA	NA	NA	NA	NA	NA	NA	forsmani
E5480	O126-4	5480	M22-6	03/07/2024	02/09/2024	F	NA	0	0	1	0	0	0	0	0	1	0	0	1	0	0	0	0	0	NA	1	0	0	0	0	0	0	NA	NA	NA	NA	NA	0	NA	NA	NA	NA	NA	NA	NA	NA	NA	NA	NA	NA	NA	NA	NA	NA	NA	NA	NA	NA	DSC_0507	2,731	Slightly bent on photo	TRUE	offspring	NA	NA	NA	NA	NA	NA	NA	forsmani
E5481	O126-5	5481	M22-6	03/07/2024	02/09/2024	F	NA	0	1	0	0	0	0	0	0	1	0	1	0	0	0	0	0	0	NA	1	0	0	0	1	0	1	NA	NA	NA	NA	NA	0	NA	NA	NA	NA	NA	NA	NA	NA	NA	NA	NA	NA	NA	NA	NA	NA	NA	NA	NA	NA	DSC_0508	2,394		TRUE	offspring	NA	NA	NA	NA	NA	NA	NA	forsmani
E5482r1	O126-6	5482	M22-6	03/07/2024	02/09/2024	F	NA	0	1	0	0	0	0	0	0	1	0	1	0	0	0	0	0	0	NA	1	0	0	0	0	0	0	NA	NA	NA	NA	NA	0	NA	NA	NA	NA	NA	NA	NA	NA	NA	NA	NA	NA	NA	NA	NA	NA	NA	NA	NA	NA	DSC_0509	2,433		TRUE	offspring	NA	NA	NA	NA	NA	NA	NA	forsmani
E5482r20	O126-6	5482	M22-6	03/07/2024	02/09/2024	F	NA	0	1	0	0	0	0	0	0	1	0	1	0	0	0	0	0	0	NA	1	0	0	0	0	0	0	NA	NA	NA	NA	NA	0	NA	NA	NA	NA	NA	NA	NA	NA	NA	NA	NA	NA	NA	NA	NA	NA	NA	NA	NA	NA	DSC_0509	2,433		TRUE	offspring	NA	NA	NA	NA	NA	NA	NA	forsmani
E5483	O127-1	5483	M22-6	03/07/2024	02/09/2024	M	forsmani	0	1	2	0	0	0	0	0	3	0	1	1	1	0	0	0	0	0	3	0	0	0	0	0	0	0	0	0	0	0	0	0	0	0	0	0	0	0	0	0	0	0	0	0	0	0	0	0	0	0	0	DSC_0510	2,099		TRUE	offspring	NA	NA	NA	NA	NA	NA	NA	forsmani
E5484	O127-3	5484	M22-6	03/07/2024	02/09/2024	F	NA	0	1	0	0	0	0	0	0	1	0	1	0	0	0	0	0	0	NA	1	0	0	0	0	0	0	NA	NA	NA	NA	NA	0	NA	NA	NA	NA	NA	NA	NA	NA	NA	NA	NA	NA	NA	NA	NA	NA	NA	NA	NA	NA	DSC_0511	2,516		TRUE	offspring	NA	NA	NA	NA	NA	NA	NA	forsmani
E5485	O127-4	5485	M22-6	03/07/2024	02/09/2024	F	NA	0	1	0	0	0	0	0	0	1	0	1	0	0	0	0	0	0	NA	1	0	0	0	0	0	0	NA	NA	NA	NA	NA	0	NA	NA	NA	NA	NA	NA	NA	NA	NA	NA	NA	NA	NA	NA	NA	NA	NA	NA	NA	NA	DSC_0512	2,511		TRUE	offspring	NA	NA	NA	NA	NA	NA	NA	forsmani
E5486	O127-5	5486	M22-6	03/07/2024	02/09/2024	F	NA	0	1	0	0	0	0	0	0	1	0	1	0	0	0	0	0	0	NA	1	0	0	0	0	0	0	NA	NA	NA	NA	NA	0	NA	NA	NA	NA	NA	NA	NA	NA	NA	NA	NA	NA	NA	NA	NA	NA	NA	NA	NA	NA	DSC_0513	2,557		TRUE	offspring	NA	NA	NA	NA	NA	NA	NA	forsmani
E5487	O127-6	5487	M22-6	03/07/2024	02/09/2024	F	NA	0	1	0	1	0	0	0	0	2	0	1	0	0	0	0	0	0	NA	1	0	0	0	0	0	0	NA	NA	NA	NA	NA	0	NA	NA	NA	NA	NA	NA	NA	NA	NA	NA	NA	NA	NA	NA	NA	NA	NA	NA	NA	NA	DSC_0514	2,786		TRUE	offspring	NA	NA	NA	NA	NA	NA	NA	forsmani
E5488	O128-1	5488	M22-6	03/07/2024	02/09/2024	M	forsmani	1	0	0	2	0	0	0	0	3	0	1	0	0	0	0	0	0	0	1	NA	NA	NA	NA	NA	NA	NA	NA	NA	NA	NA	0	0	0	0	0	0	0	0	0	0	0	0	0	0	0	0	0	0	0	0	0	DSC_0515	2,087		TRUE	offspring	NA	NA	NA	NA	NA	NA	NA	forsmani
E5489	O87-2	5489	M23-6	26/06/2024	03/09/2024	F	NA	0	1	0	0	0	0	0	0	1	0	1	0	0	0	0	0	0	NA	1	0	0	0	0	0	0	NA	NA	NA	NA	NA	0	NA	NA	NA	NA	NA	NA	NA	NA	NA	NA	NA	NA	NA	NA	NA	NA	NA	NA	NA	NA	DSC_0516-DSC_0517	2,767		TRUE	offspring	NA	NA	NA	NA	NA	NA	NA	forsmani
E5490	O87-3	5490	M23-6	26/06/2024	03/09/2024	M	forsmani	0	2	1	0	0	1	0	0	4	0	1	1	1	0	0	0	0	0	3	0	0	0	0	0	0	0	0	0	0	0	0	0	0	0	0	0	0	0	0	0	0	0	0	0	0	0	0	0	0	0	0	DSC_0518	2,422		TRUE	offspring	NA	NA	NA	NA	NA	NA	NA	forsmani
E5492	O87-6	5492	M23-6	26/06/2024	03/09/2024	M	forsmani	0	1	2	0	0	0	0	0	3	0	1	1	1	0	0	0	0	0	3	0	0	0	0	0	0	0	0	0	0	0	0	0	0	0	0	0	0	1	1	0	2	0	0	0	0	0	0	0	1	0	1	DSC_0520	2,314		TRUE	offspring	NA	NA	NA	NA	NA	NA	NA	forsmani
E5493	O88-1	5493	M23-6	26/06/2024	03/09/2024	F	NA	0	1	0	0	0	0	0	0	1	0	1	0	0	0	0	0	0	NA	1	0	0	0	0	0	0	NA	NA	NA	NA	NA	0	NA	NA	NA	NA	NA	NA	NA	NA	NA	NA	NA	NA	NA	NA	NA	NA	NA	NA	NA	NA	DSC_0521	2,444		TRUE	offspring	NA	NA	NA	NA	NA	NA	NA	forsmani
E5494	O88-2	5494	M23-6	26/06/2024	03/09/2024	M	forsmani	1	1	0	1	0	0	0	0	3	0	1	2	0	0	0	0	0	0	3	0	0	0	0	0	0	0	0	0	0	0	0	0	0	0	0	0	0	0	0	0	0	0	0	0	0	0	0	0	0	0	0	DSC_0522	2,236		TRUE	offspring	NA	NA	NA	NA	NA	NA	NA	forsmani
E5495	O88-3	5495	M23-6	26/06/2024	03/09/2024	M	forsmani	0	1	0	1	0	0	0	0	2	0	1	0	0	0	0	0	0	0	1	0	0	0	0	0	0	0	0	0	0	0	0	0	0	0	0	0	0	0	0	0	0	0	0	0	0	0	0	0	0	0	0	DSC_0523	2		TRUE	offspring	NA	NA	NA	NA	NA	NA	NA	forsmani
E5496	O88-4	5496	M23-6	26/06/2024	03/09/2024	F	NA	0	1	0	0	0	0	0	0	1	0	1	0	0	0	0	0	0	NA	1	0	0	0	0	0	0	NA	NA	NA	NA	NA	0	NA	NA	NA	NA	NA	NA	NA	NA	NA	NA	NA	NA	NA	NA	NA	NA	NA	NA	NA	NA	DSC_0524	3,371		TRUE	offspring	NA	NA	NA	NA	NA	NA	NA	forsmani
E5497	O88-6	5497	M23-6	26/06/2024	03/09/2024	F	NA	0	1	0	0	0	0	0	0	1	0	1	0	0	0	0	0	0	NA	1	0	0	0	0	0	0	NA	NA	NA	NA	NA	0	NA	NA	NA	NA	NA	NA	NA	NA	NA	NA	NA	NA	NA	NA	NA	NA	NA	NA	NA	NA	DSC_0525	2,452		TRUE	offspring	NA	NA	NA	NA	NA	NA	NA	forsmani
E5498	O129-1	5498	M21-1	05/07/2024	03/09/2024	M	praehirsuta	0	1	0	0	0	0	0	0	1	0	0	0	1	0	0	0	0	0	1	0	0	0	0	0	0	0	0	0	0	0	0	6	38	0	0	44	9	34	3	0	46	11	31	9	0	51	9	25	8	0	42	DSC_0526	1,975		TRUE	offspring	NA	NA	NA	NA	NA	NA	NA	praehirsuta
E5499	O129-2	5499	M21-1	05/07/2024	03/09/2024	M	praehirsuta	0	1	1	0	0	0	1	0	3	0	0	0	1	0	0	0	0	0	1	0	0	0	0	0	0	0	0	0	0	0	0	6	41	1	0	48	11	41	7	0	59	13	32	12	0	57	10	26	8	0	44	DSC_0527	2,169		TRUE	offspring	NA	NA	NA	NA	NA	NA	NA	praehirsuta
E5500	O129-3	5500	M21-1	05/07/2024	03/09/2024	M	praehirsuta	1	0	0	1	0	0	0	1	3	0	0	1	0	0	0	0	0	0	1	0	0	0	0	0	0	0	0	0	0	0	0	11	40	2	0	53	12	39	8	0	59	11	36	8	0	55	12	21	9	0	42	DSC_0528	2,087		TRUE	offspring	NA	NA	NA	NA	NA	NA	NA	praehirsuta
E5501	O129-4	5501	M21-1	05/07/2024	03/09/2024	F	NA	0	1	1	0	0	0	0	0	2	0	0	0	1	0	0	0	0	NA	1	0	0	0	0	0	0	NA	NA	NA	NA	NA	0	NA	NA	NA	NA	NA	NA	NA	NA	NA	NA	NA	NA	NA	NA	NA	NA	NA	NA	NA	NA	DSC_0529	2,951		TRUE	offspring	NA	NA	NA	NA	NA	NA	NA	praehirsuta
E5503	O129-6	5503	M21-1	05/07/2024	03/09/2024	M	praehirsuta	0	1	1	1	0	0	0	0	3	0	0	1	0	0	0	0	0	0	1	0	0	0	0	0	0	0	1	0	0	1	0	8	32	1	0	41	10	38	4	0	52	12	38	10	0	60	9	23	10	0	42	DSC_0531	2,019		TRUE	offspring	NA	NA	NA	NA	NA	NA	NA	praehirsuta
E5504	O130-1	5504	M21-1	05/07/2024	03/09/2024	F	NA	0	1	0	0	0	0	0	0	1	0	0	1	0	0	0	0	0	NA	1	0	0	0	0	0	0	NA	NA	NA	NA	NA	0	NA	NA	NA	NA	NA	NA	NA	NA	NA	NA	NA	NA	NA	NA	NA	NA	NA	NA	NA	NA	DSC_0532	2,811		TRUE	offspring	NA	NA	NA	NA	NA	NA	NA	praehirsuta
E5505	O130-3	5505	M21-1	05/07/2024	03/09/2024	F	NA	0	1	0	0	0	0	0	0	1	0	0	0	1	0	0	0	0	NA	1	0	0	0	0	0	0	NA	NA	NA	NA	NA	0	NA	NA	NA	NA	NA	NA	NA	NA	NA	NA	NA	NA	NA	NA	NA	NA	NA	NA	NA	NA	DSC_0533	2,512		TRUE	offspring	NA	NA	NA	NA	NA	NA	NA	praehirsuta
E5506	O130-4	5506	M21-1	05/07/2024	03/09/2024	F	NA	0	1	0	0	0	0	0	0	1	0	0	0	1	0	0	0	0	NA	1	0	0	0	0	0	0	NA	NA	NA	NA	NA	0	NA	NA	NA	NA	NA	NA	NA	NA	NA	NA	NA	NA	NA	NA	NA	NA	NA	NA	NA	NA	DSC_0534	2,557		TRUE	offspring	NA	NA	NA	NA	NA	NA	NA	praehirsuta
E5507	O130-6	5507	M21-1	05/07/2024	03/09/2024	F	NA	0	1	0	0	0	0	0	0	1	0	0	0	1	0	0	0	0	NA	1	0	0	0	0	0	0	NA	NA	NA	NA	NA	0	NA	NA	NA	NA	NA	NA	NA	NA	NA	NA	NA	NA	NA	NA	NA	NA	NA	NA	NA	NA	DSC_0535	2,681		TRUE	offspring	NA	NA	NA	NA	NA	NA	NA	praehirsuta
E5508	O131-1	5508	M21-1	05/07/2024	03/09/2024	M	praehirsuta	0	1	1	0	0	0	0	0	2	0	1	0	0	0	0	0	0	0	1	0	0	0	0	0	0	0	0	0	0	0	0	8	26	0	0	34	12	36	5	0	53	10	26	6	0	42	10	22	6	0	38	DSC_0536	2,002		TRUE	offspring	NA	NA	NA	NA	NA	NA	NA	praehirsuta
E5509	O132-5	5509	M21-6	05/07/2024	03/09/2024	F	NA	0	1	0	0	0	0	0	0	1	0	0	0	0	0	0	0	0	NA	0	0	0	0	0	0	0	NA	NA	NA	NA	NA	0	NA	NA	NA	NA	NA	NA	NA	NA	NA	NA	NA	NA	NA	NA	NA	NA	NA	NA	NA	NA	DSC_0537	2,088		TRUE	offspring	NA	NA	NA	NA	NA	NA	NA	praehirsuta
E5510	O132-6	5510	M21-6	05/07/2024	03/09/2024	M	praehirsuta	1	0	0	0	0	0	0	0	1	0	0	0	1	0	0	0	0	0	1	0	0	0	0	0	0	0	0	0	0	0	0	9	27	1	0	37	7	36	6	0	49	8	29	5	0	42	7	28	5	0	40	DSC_0538	1,22		TRUE	offspring	NA	NA	NA	NA	NA	NA	NA	praehirsuta
E5511	O133-1	5511	M21-6	05/07/2024	03/09/2024	M	praehirsuta	1	0	1	0	0	0	0	0	2	0	0	0	1	0	0	0	0	0	1	0	0	0	0	0	0	0	0	0	0	0	0	8	30	0	0	38	8	33	4	0	45	8	34	8	0	50	9	29	8	0	46	DSC_0539	1,993		TRUE	offspring	NA	NA	NA	NA	NA	NA	NA	praehirsuta
E5512	O133-2	5512	M21-6	05/07/2024	03/09/2024	F	NA	0	1	0	0	0	0	0	0	1	0	0	0	1	0	0	0	0	NA	1	0	0	0	0	0	0	NA	NA	NA	NA	NA	0	NA	NA	NA	NA	NA	NA	NA	NA	NA	NA	NA	NA	NA	NA	NA	NA	NA	NA	NA	NA	DSC_0540	2,647		TRUE	offspring	NA	NA	NA	NA	NA	NA	NA	praehirsuta
E5513	O133-3	5513	M21-6	05/07/2024	03/09/2024	M	praehirsuta	1	0	0	0	0	0	0	1	2	0	0	0	1	0	0	0	0	0	1	0	0	0	0	0	0	0	0	0	0	0	0	1	5	1	0	7	1	12	0	0	13	1	11	2	0	14	1	4	3	0	8	DSC_0541	1,797		TRUE	offspring	NA	NA	NA	NA	NA	NA	NA	praehirsuta
E5515	O133-5	5515	M21-6	05/07/2024	03/09/2024	F	NA	0	0	1	0	0	0	0	0	1	0	0	0	1	0	0	0	0	NA	1	0	0	0	0	0	0	NA	NA	NA	NA	NA	0	NA	NA	NA	NA	NA	NA	NA	NA	NA	NA	NA	NA	NA	NA	NA	NA	NA	NA	NA	NA	DSC_0543	2,479		TRUE	offspring	NA	NA	NA	NA	NA	NA	NA	praehirsuta
E5516	O133-6	5516	M21-6	05/07/2024	03/09/2024	M	praehirsuta	1	0	0	0	0	0	0	0	1	0	0	0	1	0	0	0	0	0	1	0	0	0	0	0	0	0	0	0	0	0	0	8	32	1	0	41	9	31	2	0	42	8	35	6	0	49	8	25	10	0	43	DSC_0544	2,004		TRUE	offspring	NA	NA	NA	NA	NA	NA	NA	praehirsuta
E5517	O134-4	5517	M21-6	05/07/2024	04/09/2024	F	NA	0	0	1	0	0	0	0	0	1	0	0	0	0	0	0	0	0	NA	0	0	0	0	0	0	0	NA	NA	NA	NA	NA	0	NA	NA	NA	NA	NA	NA	NA	NA	NA	NA	NA	NA	NA	NA	NA	NA	NA	NA	NA	NA	DSC_0545	2,855		TRUE	offspring	NA	NA	NA	NA	NA	NA	NA	praehirsuta
E5518	O135-1	5518	M21-6	05/07/2024	04/09/2024	M	praehirsuta	0	1	0	0	0	0	0	0	1	0	1	0	0	0	0	0	0	0	1	0	0	0	0	0	0	0	0	0	0	0	0	2	6	1	0	9	6	24	1	0	31	7	11	2	0	20	4	10	3	0	17	DSC_0546	1,891		TRUE	offspring	NA	NA	NA	NA	NA	NA	NA	praehirsuta
E5519b	O135-3	5519	M21-6	05/07/2024	04/09/2024	F	NA	0	1	0	0	0	0	0	0	1	0	1	0	0	0	0	0	0	NA	1	0	0	0	0	0	0	NA	NA	NA	NA	NA	0	NA	NA	NA	NA	NA	NA	NA	NA	NA	NA	NA	NA	NA	NA	NA	NA	NA	NA	NA	NA	DSC_0547	2,669	Was in conntact with O135-5 (male)	TRUE	offspring	NA	NA	NA	NA	NA	NA	NA	praehirsuta
E5520	O135-4	5520	M21-6	05/07/2024	04/09/2024	M	praehirsuta	1	0	0	0	0	0	0	0	1	0	1	0	0	0	0	0	0	0	1	0	0	0	0	0	0	0	0	0	0	0	0	6	27	0	0	33	11	34	1	0	46	9	41	9	0	59	7	25	6	0	38	DSC_0548	1,934		TRUE	offspring	NA	NA	NA	NA	NA	NA	NA	praehirsuta
E5521	O135-5	5521	M21-6	05/07/2024	04/09/2024	M	praehirsuta	0	1	1	0	0	0	0	0	2	0	0	0	1	0	0	0	0	0	1	0	0	0	0	0	0	0	0	0	0	0	0	4	36	0	0	40	10	30	3	0	43	7	33	4	0	44	9	20	4	0	33	DSC_0549	2,026		TRUE	offspring	NA	NA	NA	NA	NA	NA	NA	praehirsuta
E5522	O136-5	5522	M22-1	05/07/2024	04/09/2024	M	praehirsuta	1	0	0	1	0	0	0	1	3	0	1	0	0	0	0	0	0	0	1	0	0	0	0	0	0	0	0	0	0	0	0	4	10	0	0	14	6	29	4	0	39	5	26	3	0	34	6	16	1	0	23	DSC_0551	1,961	Was in conntact with O135-3 (male)	TRUE	offspring	NA	NA	NA	NA	NA	NA	NA	praehirsuta
E5523	O136-6	5523	M22-1	05/07/2024	04/09/2024	M	praehirsuta	0	1	0	1	0	0	0	1	3	0	0	0	1	0	0	0	0	0	1	0	0	0	0	0	0	0	0	0	0	0	0	10	39	0	0	49	10	35	7	0	52	8	30	7	0	45	7	21	11	0	39	DSC_0552	1,877		TRUE	offspring	NA	NA	NA	NA	NA	NA	NA	praehirsuta
E5524	O137-2	5524	M22-1	05/07/2024	04/09/2024	M	praehirsuta	1	0	1	0	0	0	1	0	3	0	1	0	0	0	0	0	0	0	1	0	0	0	0	0	0	0	0	0	0	0	0	3	25	0	0	28	11	40	7	0	58	11	31	8	0	50	10	20	6	0	36	DSC_0553	1,937	Was in contact with O137-3 and O137-4	TRUE	offspring	NA	NA	NA	NA	NA	NA	NA	praehirsuta
E5525	O137-3	5525	M22-1	05/07/2024	04/09/2024	F	NA	0	1	0	0	0	0	0	0	1	0	0	0	1	0	0	0	0	NA	1	0	0	0	0	0	0	NA	NA	NA	NA	NA	0	NA	NA	NA	NA	NA	NA	NA	NA	NA	NA	NA	NA	NA	NA	NA	NA	NA	NA	NA	NA	DSC_0554	2,487	Was in contact with O137-2 and O137-4	TRUE	offspring	NA	NA	NA	NA	NA	NA	NA	praehirsuta
E5527	O138-1	5527	M22-1	05/07/2024	04/09/2024	F	NA	0	1	0	0	0	0	0	0	1	0	0	0	1	0	0	0	0	NA	1	0	0	0	0	0	0	NA	NA	NA	NA	NA	0	NA	NA	NA	NA	NA	NA	NA	NA	NA	NA	NA	NA	NA	NA	NA	NA	NA	NA	NA	NA	DSC_0556	2,504		TRUE	offspring	NA	NA	NA	NA	NA	NA	NA	praehirsuta
E5528	O138-6	5528	M22-1	05/07/2024	04/09/2024	F	NA	0	1	0	0	0	0	0	0	1	0	0	0	1	0	0	0	0	NA	1	0	0	0	0	0	0	NA	NA	NA	NA	NA	0	NA	NA	NA	NA	NA	NA	NA	NA	NA	NA	NA	NA	NA	NA	NA	NA	NA	NA	NA	NA	DSC_0557	2,823	Slightly bent on photo	TRUE	offspring	NA	NA	NA	NA	NA	NA	NA	praehirsuta
E5529	O140-2	5529	M10-6	08/07/2024	05/09/2024	M	praehirsuta	1	1	0	0	0	0	1	0	3	0	1	0	0	0	0	0	0	1	1	0	0	0	0	0	0	0	0	0	0	0	0	11	43	2	0	56	12	34	6	0	52	12	31	9	0	52	12	22	10	0	44	DSC_0558	2,507		TRUE	offspring	NA	NA	NA	NA	NA	NA	NA	praehirsuta
E5530	O140-3	5530	M10-6	08/07/2024	05/09/2024	M	praehirsuta	1	0	1	0	0	0	0	0	2	0	0	0	1	0	0	0	0	1	1	0	0	0	0	0	0	0	1	0	0	1	0	10	42	1	0	53	9	34	4	0	47	9	31	6	0	46	10	38	8	0	56	DSC_0559	2,084		TRUE	offspring	NA	NA	NA	NA	NA	NA	NA	praehirsuta
E5532	O140-6	5532	M10-6	08/07/2024	05/09/2024	M	praehirsuta	1	0	1	0	0	0	0	0	2	0	0	0	1	0	0	0	0	1	1	0	0	0	0	0	0	0	0	0	0	0	0	9	34	0	0	43	10	32	4	0	46	11	25	7	0	43	8	15	5	0	28	DSC_0561	1,93		TRUE	offspring	NA	NA	NA	NA	NA	NA	NA	praehirsuta
E5533	O141-1	5533	M10-6	08/07/2024	05/09/2024	F	NA	0	1	0	0	0	0	0	0	1	0	0	0	0	0	0	0	0	NA	0	0	0	0	0	0	0	NA	NA	NA	NA	NA	0	NA	NA	NA	NA	NA	NA	NA	NA	NA	NA	NA	NA	NA	NA	NA	NA	NA	NA	NA	NA	DSC_0562	2,715		TRUE	offspring	NA	NA	NA	NA	NA	NA	NA	praehirsuta
E5534	O141-2	5534	M10-6	08/07/2024	05/09/2024	F	NA	0	1	0	0	0	0	0	0	1	0	0	0	1	0	0	0	0	NA	1	0	0	0	0	0	0	NA	NA	NA	NA	NA	0	NA	NA	NA	NA	NA	NA	NA	NA	NA	NA	NA	NA	NA	NA	NA	NA	NA	NA	NA	NA	DSC_0563	3,298	Slightly bent on photo	TRUE	offspring	NA	NA	NA	NA	NA	NA	NA	praehirsuta
E5537	O141-6	5537	M10-6	08/07/2024	05/09/2024	M	praehirsuta	1	0	1	1	0	0	0	0	3	0	0	0	1	0	0	0	0	0	1	0	0	0	0	0	0	0	0	0	0	0	0	11	28	1	0	40	10	34	4	0	48	10	30	9	0	49	7	16	6	0	29	DSC_0566	1,992		TRUE	offspring	NA	NA	NA	NA	NA	NA	NA	praehirsuta
E5538	O142-1	5538	M10-6	08/07/2024	05/09/2024	M	praehirsuta	1	1	0	1	0	0	0	0	3	0	0	1	0	0	0	0	0	1	1	0	0	0	0	0	0	1	3	0	0	4	0	15	45	2	0	62	14	37	8	0	59	13	38	9	0	60	15	20	10	0	45	DSC_0567	2,152	Slightly bent on photo	TRUE	offspring	NA	NA	NA	NA	NA	NA	NA	praehirsuta
E5540	O142-4	5540	M10-6	08/07/2024	05/09/2024	F	NA	0	1	0	0	0	0	0	0	1	0	0	0	1	0	0	0	0	NA	1	0	0	0	0	0	0	NA	NA	NA	NA	NA	0	NA	NA	NA	NA	NA	NA	NA	NA	NA	NA	NA	NA	NA	NA	NA	NA	NA	NA	NA	NA	DSC_0569	2,645		TRUE	offspring	NA	NA	NA	NA	NA	NA	NA	praehirsuta
E5541	O142-5	5541	M10-6	08/07/2024	05/09/2024	M	praehirsuta	1	1	0	0	0	0	0	0	2	0	0	0	0	0	0	0	0	0	0	0	0	0	0	0	0	0	0	0	0	0	0	6	19	0	0	25	5	21	3	0	29	6	17	4	0	27	5	12	3	0	20	DSC_0570	1,841		TRUE	offspring	NA	NA	NA	NA	NA	NA	NA	praehirsuta
E5542	O142-6	5542	M10-6	08/07/2024	05/09/2024	F	NA	0	1	0	0	0	0	0	0	1	0	0	0	0	0	0	0	0	NA	0	0	0	0	0	0	0	NA	NA	NA	NA	NA	0	NA	NA	NA	NA	NA	NA	NA	NA	NA	NA	NA	NA	NA	NA	NA	NA	NA	NA	NA	NA	DSC_0571	2,555		TRUE	offspring	NA	NA	NA	NA	NA	NA	NA	praehirsuta
E5543	O143-2	5543	M10-6	08/07/2024	05/09/2024	F	NA	0	1	0	0	0	0	0	0	1	0	0	0	1	0	0	0	0	NA	1	0	0	0	0	0	0	NA	NA	NA	NA	NA	0	NA	NA	NA	NA	NA	NA	NA	NA	NA	NA	NA	NA	NA	NA	NA	NA	NA	NA	NA	NA	DSC_0572	2,029	"small; slightly bent on photot"	TRUE	offspring	NA	NA	NA	NA	NA	NA	NA	praehirsuta
E5545	O144-1	5545	M24-1	08/07/2024	05/09/2024	M	praehirsuta	0	2	0	1	0	0	0	0	3	0	0	1	0	0	0	0	0	1	1	0	0	0	0	0	0	0	1	0	0	1	0	16	42	0	0	58	14	40	8	0	62	12	33	12	0	57	13	25	10	0	48	DSC_0574	2,08		TRUE	offspring	NA	NA	NA	NA	NA	NA	NA	praehirsuta
E5546	O144-2	5546	M24-1	08/07/2024	05/09/2024	F	NA	0	0	1	0	0	0	0	0	1	0	0	1	0	0	0	0	0	NA	1	0	0	0	0	0	0	NA	NA	NA	NA	NA	0	NA	NA	NA	NA	NA	NA	NA	NA	NA	NA	NA	NA	NA	NA	NA	NA	NA	NA	NA	NA	DSC_0575	2,406		TRUE	offspring	NA	NA	NA	NA	NA	NA	NA	praehirsuta
E5548	O144-5	5548	M24-1	08/07/2024	05/09/2024	M	praehirsuta	1	1	0	1	0	0	0	0	3	0	0	1	1	0	0	0	0	0	2	0	0	0	0	0	0	0	0	0	0	0	0	8	48	0	0	56	8	35	6	0	49	8	29	6	0	43	8	22	8	0	38	DSC_0577	1,957		TRUE	offspring	NA	NA	NA	NA	NA	NA	NA	praehirsuta
E5549	O144-6	5549	M24-1	08/07/2024	05/09/2024	M	NA	0	1	0	0	0	0	0	0	1	0	0	1	0	0	0	0	0	0	1	0	0	0	0	0	0	0	0	0	0	0	0	0	0	0	0	0	0	0	0	0	0	0	0	0	0	0	0	0	0	0	0	DSC_0578	1,818		TRUE	offspring	NA	NA	NA	NA	NA	NA	NA	praehirsuta
E5550	O145-1	5550	M24-1	08/07/2024	05/09/2024	M	praehirsuta	1	0	1	1	0	0	0	0	3	0	0	0	1	0	0	0	0	0	1	0	0	0	0	0	0	0	1	0	0	1	0	13	>50	0	0	63	12	45	8	0	65	12	38	8	0	58	9	26	11	0	46	DSC_0579	2,034		TRUE	offspring	NA	NA	NA	NA	NA	NA	NA	praehirsuta
E5553	O145-4	5553	M24-1	08/07/2024	05/09/2024	F	NA	0	0	1	1	0	0	0	0	2	0	0	1	0	0	0	0	0	NA	1	0	0	0	0	0	0	NA	NA	NA	NA	NA	0	NA	NA	NA	NA	NA	NA	NA	NA	NA	NA	NA	NA	NA	NA	NA	NA	NA	NA	NA	NA	DSC_0582	2,608		TRUE	offspring	NA	NA	NA	NA	NA	NA	NA	praehirsuta
E5554	O145-5	5554	M24-1	08/07/2024	05/09/2024	F	NA	0	0	1	1	0	0	0	0	2	0	0	1	0	0	0	0	0	NA	1	0	0	0	0	0	0	NA	NA	NA	NA	NA	0	NA	NA	NA	NA	NA	NA	NA	NA	NA	NA	NA	NA	NA	NA	NA	NA	NA	NA	NA	NA	DSC_0583	2,241		TRUE	offspring	NA	NA	NA	NA	NA	NA	NA	praehirsuta
E5568	O146-3	5568	M24-1	08/07/2024	06/09/2024	M	praehirsuta	1	0	1	1	0	0	0	0	3	1	0	1	0	0	0	0	0	0	2	0	0	0	0	0	0	0	2	0	0	2	0	13	52	1	0	66	11	45	6	0	62	11	41	6	0	58	11	34	10	0	55	DSC_0586	2,054		TRUE	offspring	NA	NA	NA	NA	NA	NA	NA	praehirsuta
E5572	O147-3	5572	M24-1	08/07/2024	06/09/2024	F	NA	0	1	0	0	0	0	0	0	1	0	0	0	1	0	0	0	0	NA	1	0	0	0	0	0	0	NA	NA	NA	NA	NA	0	NA	NA	NA	NA	NA	NA	NA	NA	NA	NA	NA	NA	NA	NA	NA	NA	NA	NA	NA	NA	DSC_0590	2,93		TRUE	offspring	NA	NA	NA	NA	NA	NA	NA	praehirsuta
E5573	O147-4	5573	M24-1	08/07/2024	06/09/2024	F	NA	0	1	0	0	0	0	0	0	1	0	0	1	0	0	0	0	0	NA	1	0	0	0	0	0	0	NA	NA	NA	NA	NA	0	NA	NA	NA	NA	NA	NA	NA	NA	NA	NA	NA	NA	NA	NA	NA	NA	NA	NA	NA	NA	DSC_0591	3,043		TRUE	offspring	NA	NA	NA	NA	NA	NA	NA	praehirsuta
E5574	O147-5	5574	M24-1	08/07/2024	06/09/2024	M	praehirsuta	1	1	0	1	0	0	0	0	3	0	1	1	1	0	0	0	0	0	3	0	0	0	0	0	0	0	2	0	0	2	0	10	40	1	0	51	10	40	7	0	57	10	31	7	0	48	9	21	10	0	40	DSC_0592	1,932	Slightly bent on photo	TRUE	offspring	NA	NA	NA	NA	NA	NA	NA	praehirsuta
E5576	O148-1	5576	M5-6	10/07/2024	06/09/2024	M	praehirsuta	1	0	1	1	0	0	0	0	3	0	0	0	2	0	0	0	0	0	2	0	0	0	0	0	0	0	9	0	0	9	0	8	30	0	0	38	10	31	6	0	47	8	25	9	0	42	9	18	8	0	35	DSC_0594	1,865		TRUE	offspring	NA	NA	NA	NA	NA	NA	NA	praehirsuta
E5577	O148-2	5577	M5-6	10/07/2024	06/09/2024	F	NA	0	0	1	0	0	0	0	0	1	0	0	0	1	0	0	0	0	NA	1	0	0	0	0	0	0	NA	NA	NA	NA	NA	0	NA	NA	NA	NA	NA	NA	NA	NA	NA	NA	NA	NA	NA	NA	NA	NA	NA	NA	NA	NA	DSC_0595	2,154		TRUE	offspring	NA	NA	NA	NA	NA	NA	NA	praehirsuta
E5578	O148-4	5578	M5-6	10/07/2024	06/09/2024	F	NA	0	1	0	0	0	0	0	0	1	0	0	0	1	0	0	0	0	NA	1	0	0	0	0	0	0	NA	NA	NA	NA	NA	0	NA	NA	NA	NA	NA	NA	NA	NA	NA	NA	NA	NA	NA	NA	NA	NA	NA	NA	NA	NA	DSC_0596	2,888		TRUE	offspring	NA	NA	NA	NA	NA	NA	NA	praehirsuta
E5579	O148-5	5579	M5-6	10/07/2024	06/09/2024	M	praehirsuta	1	0	0	1	0	0	0	1	3	0	0	1	0	0	0	0	0	0	1	0	0	0	0	0	0	0	3	0	0	3	0	9	34	0	0	43	7	29	4	0	40	8	24	5	0	37	5	21	7	0	33	DSC_0597	2,107		TRUE	offspring	NA	NA	NA	NA	NA	NA	NA	praehirsuta
E5580	O148-6	5580	M5-6	10/07/2024	06/09/2024	F	NA	0	1	0	0	0	0	0	0	1	0	0	0	1	0	0	0	0	NA	1	0	0	0	0	0	0	NA	NA	NA	NA	NA	0	NA	NA	NA	NA	NA	NA	NA	NA	NA	NA	NA	NA	NA	NA	NA	NA	NA	NA	NA	NA	DSC_0598	2,228		TRUE	offspring	NA	NA	NA	NA	NA	NA	NA	praehirsuta
E5581	O149-1	5581	M5-6	10/07/2024	05/09/2024	F	NA	0	0	0	1	0	0	0	0	1	0	0	0	1	0	0	0	0	NA	1	0	0	0	0	0	0	NA	NA	NA	NA	NA	0	NA	NA	NA	NA	NA	NA	NA	NA	NA	NA	NA	NA	NA	NA	NA	NA	NA	NA	NA	NA	DSC_0599	2,347		TRUE	offspring	NA	NA	NA	NA	NA	NA	NA	praehirsuta
E5582	O149-2	5582	M5-6	10/07/2024	05/09/2024	F	NA	0	1	1	0	0	0	0	0	2	0	0	0	1	0	0	0	0	NA	1	0	0	0	0	0	0	NA	NA	NA	NA	NA	0	NA	NA	NA	NA	NA	NA	NA	NA	NA	NA	NA	NA	NA	NA	NA	NA	NA	NA	NA	NA	DSC_0600	2,878		TRUE	offspring	NA	NA	NA	NA	NA	NA	NA	praehirsuta
E5583	O149-3	5583	M5-6	10/07/2024	05/09/2024	M	praehirsuta	1	1	0	0	0	0	0	1	3	0	0	0	1	0	0	0	0	0	1	0	0	0	0	0	0	0	2	0	0	2	0	14	36	1	0	51	12	35	7	0	54	12	31	7	0	50	10	25	9	0	44	DSC_0601	2,428		TRUE	offspring	NA	NA	NA	NA	NA	NA	NA	praehirsuta
E5584	O149-5	5584	M5-6	10/07/2024	05/09/2024	M	praehirsuta	1	1	0	0	0	0	0	0	2	0	0	1	0	0	0	0	0	0	1	0	0	0	0	0	0	0	2	0	0	2	0	9	30	0	0	39	9	29	4	0	42	6	24	6	0	36	6	14	4	0	24	DSC_0602	1,769	Small	TRUE	offspring	NA	NA	NA	NA	NA	NA	NA	praehirsuta
E5585	O149-6	5585	M5-6	10/07/2024	05/09/2024	M	praehirsuta	1	0	0	2	0	1	1	0	5	0	1	0	0	0	0	0	0	0	1	0	0	0	0	0	0	1	8	0	0	9	0	9	42	1	0	52	8	36	6	0	50	10	26	6	0	42	8	25	8	0	41	DSC_0603	1,835		TRUE	offspring	NA	NA	NA	NA	NA	NA	NA	praehirsuta
E5586	O150-1	5586	M5-6	10/07/2024	05/09/2024	F	NA	0	1	0	0	0	0	0	0	1	0	0	0	1	0	0	0	0	NA	1	0	0	0	0	0	0	NA	NA	NA	NA	NA	0	NA	NA	NA	NA	NA	NA	NA	NA	NA	NA	NA	NA	NA	NA	NA	NA	NA	NA	NA	NA	DSC_0604	2,426		TRUE	offspring	NA	NA	NA	NA	NA	NA	NA	praehirsuta
E5587	O151-1	5587	M9-6	10/07/2024	06/09/2024	M	forsmani	1	2	0	0	0	0	0	1	4	1	0	2	0	0	0	0	0	0	3	0	0	0	1	0	1	0	0	0	0	0	0	0	0	0	0	0	0	0	0	0	0	0	0	0	0	0	0	0	0	0	0	DSC_0605	1,87		TRUE	offspring	NA	NA	NA	NA	NA	NA	NA	forsmani
E5588	O151-2	5588	M9-6	10/07/2024	06/09/2024	F	NA	0	0	1	0	0	0	0	0	1	0	0	0	1	0	0	0	0	NA	1	0	0	0	0	0	0	NA	NA	NA	NA	NA	0	NA	NA	NA	NA	NA	NA	NA	NA	NA	NA	NA	NA	NA	NA	NA	NA	NA	NA	NA	NA	DSC_0606	1,996		TRUE	offspring	NA	NA	NA	NA	NA	NA	NA	forsmani
E5590	O151-4	5590	M9-6	10/07/2024	06/09/2024	M	forsmani	1	1	1	0	0	0	0	0	3	1	0	1	1	0	0	0	0	0	3	0	0	0	0	0	0	0	0	0	0	0	0	0	0	0	0	0	0	0	0	0	0	0	0	0	0	0	0	0	0	0	0	DSC_0608	2,023		TRUE	offspring	NA	NA	NA	NA	NA	NA	NA	forsmani
E5592	O151-6	5592	M9-6	10/07/2024	06/09/2024	M	forsmani	1	1	1	0	0	0	1	0	4	1	1	0	0	0	0	1	0	0	3	0	0	0	1	0	1	0	0	0	0	0	0	0	0	0	0	0	0	0	0	0	0	0	0	0	0	0	0	0	0	0	0	DSC_0610	2,198		TRUE	offspring	NA	NA	NA	NA	NA	NA	NA	forsmani
E5596	O152-4	5596	M9-6	10/07/2024	06/09/2024	F	NA	0	1	0	0	0	0	0	0	1	0	1	0	0	0	0	0	0	NA	1	0	0	0	1	0	1	NA	NA	NA	NA	NA	0	NA	NA	NA	NA	NA	NA	NA	NA	NA	NA	NA	NA	NA	NA	NA	NA	NA	NA	NA	NA	DSC_0614	2,045		TRUE	offspring	NA	NA	NA	NA	NA	NA	NA	forsmani
E5599	O153-1	5599	M9-6	10/07/2024	06/09/2024	F	NA	0	1	0	1	0	0	0	0	2	0	1	0	0	0	0	0	0	NA	1	0	0	0	0	0	0	NA	NA	NA	NA	NA	0	NA	NA	NA	NA	NA	NA	NA	NA	NA	NA	NA	NA	NA	NA	NA	NA	NA	NA	NA	NA	DSC_0617	2,761		TRUE	offspring	NA	NA	NA	NA	NA	NA	NA	forsmani
E5601	O153-4	5601	M9-6	10/07/2024	06/09/2024	M	forsmani	1	1	1	0	0	0	0	0	3	0	1	1	1	0	0	0	0	0	3	0	0	0	1	0	1	0	0	0	0	0	0	0	0	0	0	0	0	0	0	0	0	0	0	0	0	0	0	0	0	0	0	DSC_0619	1,833		TRUE	offspring	NA	NA	NA	NA	NA	NA	NA	forsmani
E5602	O153-6	5602	M9-6	10/07/2024	06/09/2024	F	NA	0	1	0	0	0	0	0	0	1	0	1	0	0	0	0	0	0	NA	1	0	0	0	0	0	0	NA	NA	NA	NA	NA	0	NA	NA	NA	NA	NA	NA	NA	NA	NA	NA	NA	NA	NA	NA	NA	NA	NA	NA	NA	NA	DSC_0620	1,963		TRUE	offspring	NA	NA	NA	NA	NA	NA	NA	forsmani
E5603	O154-1	5603	M9-6	10/07/2024	06/09/2024	F	NA	0	1	0	1	0	0	0	0	2	0	0	1	0	0	0	0	0	NA	1	0	0	0	0	0	0	NA	NA	NA	NA	NA	0	NA	NA	NA	NA	NA	NA	NA	NA	NA	NA	NA	NA	NA	NA	NA	NA	NA	NA	NA	NA	DSC_0621	2,411		TRUE	offspring	NA	NA	NA	NA	NA	NA	NA	forsmani
E5606	O155-2	5606	M11-6	10/07/2024	09/09/2024	M	NA	0	1	0	0	0	0	0	0	1	0	0	1	0	0	0	0	0	0	1	0	0	0	0	0	0	0	0	0	0	0	0	0	0	0	0	0	0	0	0	0	0	0	0	0	0	0	0	0	0	0	0	DSC_0624	1,803	Small male	TRUE	offspring	NA	NA	NA	NA	NA	NA	NA	forsmani
E5608	O155-4	5608	M11-6	10/07/2024	09/09/2024	M	forsmani	0	1	1	0	0	0	0	0	2	0	1	0	1	0	0	0	0	0	2	0	0	0	0	0	0	0	0	0	0	0	0	0	0	0	0	0	0	0	0	0	0	0	0	0	0	0	0	0	0	0	0	DSC_0626	2,268		TRUE	offspring	NA	NA	NA	NA	NA	NA	NA	forsmani
E5609	O155-6	5609	M11-6	10/07/2024	09/09/2024	F	NA	0	1	0	0	0	0	0	0	1	0	1	0	0	0	0	0	0	NA	1	0	0	0	0	0	0	NA	NA	NA	NA	NA	0	NA	NA	NA	NA	NA	NA	NA	NA	NA	NA	NA	NA	NA	NA	NA	NA	NA	NA	NA	NA	DSC_0627	2,917		TRUE	offspring	NA	NA	NA	NA	NA	NA	NA	forsmani
E5611	O156-2	5611	M11-6	10/07/2024	09/09/2024	F	NA	0	1	0	0	0	0	0	0	1	0	1	0	0	0	0	0	0	NA	1	0	0	0	0	0	0	NA	NA	NA	NA	NA	0	NA	NA	NA	NA	NA	NA	NA	NA	NA	NA	NA	NA	NA	NA	NA	NA	NA	NA	NA	NA	DSC_0629	2,522		TRUE	offspring	NA	NA	NA	NA	NA	NA	NA	forsmani
E5612	O156-4	5612	M11-6	10/07/2024	09/09/2024	F	NA	0	0	1	0	0	0	0	0	1	0	0	1	0	0	0	0	0	NA	1	0	0	0	0	0	0	NA	NA	NA	NA	NA	0	NA	NA	NA	NA	NA	NA	NA	NA	NA	NA	NA	NA	NA	NA	NA	NA	NA	NA	NA	NA	DSC_0630	1,914		TRUE	offspring	NA	NA	NA	NA	NA	NA	NA	forsmani
E5613	O156-5	5613	M11-6	10/07/2024	09/09/2024	M	forsmani	1	1	0	1	0	0	0	0	3	1	0	0	1	0	0	0	0	0	2	0	0	0	0	0	0	0	0	0	0	0	0	0	0	1	0	1	0	0	0	0	0	0	0	0	0	0	0	0	0	0	0	DSC_0631	2,239		TRUE	offspring	NA	NA	NA	NA	NA	NA	NA	forsmani
E5615	O157-2	5615	M11-6	10/07/2024	09/09/2024	F	NA	0	1	0	0	0	0	0	0	1	0	1	0	0	0	0	0	0	NA	1	0	0	0	0	0	0	NA	NA	NA	NA	NA	0	NA	NA	NA	NA	NA	NA	NA	NA	NA	NA	NA	NA	NA	NA	NA	NA	NA	NA	NA	NA	DSC_0633	2,794		TRUE	offspring	NA	NA	NA	NA	NA	NA	NA	forsmani
E5616	O157-3	5616	M11-6	10/07/2024	09/09/2024	F	NA	0	0	1	0	0	0	0	0	1	0	0	1	0	0	0	0	0	NA	1	0	0	0	0	0	0	NA	NA	NA	NA	NA	0	NA	NA	NA	NA	NA	NA	NA	NA	NA	NA	NA	NA	NA	NA	NA	NA	NA	NA	NA	NA	DSC_0634	2,468		TRUE	offspring	NA	NA	NA	NA	NA	NA	NA	forsmani
E5619	O157-6	5619	M11-6	10/07/2024	09/09/2024	M	NA	0	1	0	1	0	0	0	0	2	0	1	0	1	0	0	0	0	0	2	0	0	0	0	0	0	0	0	0	0	0	0	0	0	0	0	0	0	0	0	0	0	0	0	0	0	0	0	0	0	0	0	DSC_0637	1,8	Maybe forsmani	TRUE	offspring	NA	NA	NA	NA	NA	NA	NA	forsmani
E5620	O158-1	5620	M11-6	10/07/2024	09/09/2024	M	NA	0	1	0	1	0	0	0	0	2	0	1	0	0	0	0	0	0	0	1	0	0	0	0	0	0	0	0	0	0	0	0	0	0	0	0	0	0	0	0	0	0	0	0	0	0	0	0	0	0	0	0	DSC_0638	2,117		TRUE	offspring	NA	NA	NA	NA	NA	NA	NA	forsmani
E5622	O159-2	5622	M14-6	10/07/2024	09/09/2024	M	forsmani	1	1	0	0	0	1	0	0	3	1	0	0	2	0	0	0	0	0	3	0	0	0	0	0	0	0	0	0	0	0	0	0	0	0	0	0	0	0	0	0	0	0	0	0	0	0	0	0	0	0	0	DSC_0640	2,337		TRUE	offspring	NA	NA	NA	NA	NA	NA	NA	forsmani
E5623	O159-3	5623	M14-6	10/07/2024	09/09/2024	F	NA	0	1	0	0	0	0	0	0	1	0	1	0	0	0	0	0	0	NA	1	0	0	0	0	0	0	NA	NA	NA	NA	NA	0	NA	NA	NA	NA	NA	NA	NA	NA	NA	NA	NA	NA	NA	NA	NA	NA	NA	NA	NA	NA	DSC_0641	2,603		TRUE	offspring	NA	NA	NA	NA	NA	NA	NA	forsmani
E5627	O160-4	5627	M14-6	10/07/2024	09/09/2024	M	forsmani	1	2	0	0	0	0	0	0	3	0	1	0	1	0	0	0	0	0	2	0	0	0	0	0	0	0	0	0	0	0	0	0	0	0	0	0	0	0	0	0	0	0	0	1	0	1	0	0	1	0	1	DSC_0646	2,363		TRUE	offspring	NA	NA	NA	NA	NA	NA	NA	forsmani
E5628	O160-5	5628	M14-6	10/07/2024	09/09/2024	F	NA	0	1	0	0	0	0	0	0	1	0	1	0	0	0	0	0	0	NA	1	0	0	0	0	0	0	NA	NA	NA	NA	NA	0	NA	NA	NA	NA	NA	NA	NA	NA	NA	NA	NA	NA	NA	NA	NA	NA	NA	NA	NA	NA	DSC_0647	3,042		TRUE	offspring	NA	NA	NA	NA	NA	NA	NA	forsmani
E5630	O161-1	5630	M14-6	10/07/2024	09/09/2024	M	forsmani	1	1	1	0	0	0	0	0	3	1	0	0	2	0	0	0	0	0	3	0	0	0	0	0	0	0	0	0	0	0	0	0	0	0	0	0	0	0	0	0	0	0	0	1	0	1	0	0	1	0	1	DSC_0649	2,167	Bent on photo	TRUE	offspring	NA	NA	NA	NA	NA	NA	NA	forsmani
E5632	O161-3	5632	M14-6	10/07/2024	09/09/2024	F	NA	0	1	0	0	0	0	0	0	1	0	0	1	0	0	0	0	0	NA	1	0	0	0	0	0	0	NA	NA	NA	NA	NA	0	NA	NA	NA	NA	NA	NA	NA	NA	NA	NA	NA	NA	NA	NA	NA	NA	NA	NA	NA	NA	DSC_0651	2,883		TRUE	offspring	NA	NA	NA	NA	NA	NA	NA	forsmani
E5635	O162-2	5635	M14-6	10/07/2024	09/09/2024	M	forsmani	0	1	1	1	0	0	0	0	3	0	1	0	0	0	0	0	0	0	1	0	0	0	0	0	0	0	0	0	0	0	0	0	0	0	0	0	0	0	0	0	0	0	0	0	0	0	0	0	0	0	0	DSC_0654	2,006		TRUE	offspring	NA	NA	NA	NA	NA	NA	NA	forsmani
E5636	O162-3	5636	M14-6	10/07/2024	09/09/2024	F	NA	0	0	1	0	0	0	0	0	1	0	0	1	0	0	0	0	0	NA	1	0	0	0	0	0	0	NA	NA	NA	NA	NA	0	NA	NA	NA	NA	NA	NA	NA	NA	NA	NA	NA	NA	NA	NA	NA	NA	NA	NA	NA	NA	DSC_0655	2,748	Was in contact with O162-4	TRUE	offspring	NA	NA	NA	NA	NA	NA	NA	forsmani
E5639	O163-1	5639	M5-1	10/07/2024	09/09/2024	M	praehirsuta	1	0	0	0	0	0	0	0	1	0	0	0	1	0	0	0	0	0	1	0	0	0	0	0	0	0	0	0	0	0	0	7	33	0	0	40	8	25	4	0	37	10	26	7	0	43	8	20	8	0	36	DSC_0658	1,791		TRUE	offspring	NA	NA	NA	NA	NA	NA	NA	praehirsuta
E5640	O163-3	5640	M5-1	10/07/2024	09/09/2024	M	praehirsuta	1	1	0	1	0	1	0	0	4	0	0	0	1	0	0	0	0	0	1	0	0	0	0	0	0	0	0	0	0	0	0	15	33	1	0	49	13	29	10	0	52	12	28	11	0	51	12	27	12	0	51	DSC_0659	2,019		TRUE	offspring	NA	NA	NA	NA	NA	NA	NA	praehirsuta
E5642	O163-6	5642	M5-1	10/07/2024	09/09/2024	M	praehirsuta	1	1	0	1	0	0	0	0	3	0	0	1	1	0	0	0	0	0	2	0	0	0	0	0	0	0	0	0	0	0	0	13	33	1	0	47	13	32	10	0	55	16	31	9	0	56	11	27	10	0	48	DSC_0661	2,087		TRUE	offspring	NA	NA	NA	NA	NA	NA	NA	praehirsuta
E5644	O164-2	5644	M5-1	10/07/2024	10/09/2024	F	NA	0	1	0	0	0	0	0	0	1	0	0	1	0	0	0	0	0	NA	1	0	0	0	0	0	0	NA	NA	NA	NA	NA	0	NA	NA	NA	NA	NA	NA	NA	NA	NA	NA	NA	NA	NA	NA	NA	NA	NA	NA	NA	NA	DSC_0663	2,575		TRUE	offspring	NA	NA	NA	NA	NA	NA	NA	praehirsuta
E5646	O164-4	5646	M5-1	10/07/2024	10/09/2024	F	NA	0	1	0	1	0	0	0	0	2	0	1	0	0	0	0	0	0	NA	1	0	0	0	0	0	0	NA	NA	NA	NA	NA	0	NA	NA	NA	NA	NA	NA	NA	NA	NA	NA	NA	NA	NA	NA	NA	NA	NA	NA	NA	NA	DSC_0665	2,531		TRUE	offspring	NA	NA	NA	NA	NA	NA	NA	praehirsuta
E5647	O164-5	5647	M5-1	10/07/2024	10/09/2024	M	praehirsuta	1	1	0	1	0	1	0	1	5	0	0	1	0	0	0	0	0	0	1	0	0	0	0	0	0	0	0	0	0	0	0	9	35	1	0	45	12	30	6	0	48	12	26	8	0	46	12	26	11	0	49	DSC_0666	1,997		TRUE	offspring	NA	NA	NA	NA	NA	NA	NA	praehirsuta
E5649	O165-3	5649	M5-1	10/07/2024	10/09/2024	F	NA	0	1	0	0	0	0	0	0	1	0	0	0	1	0	0	0	0	NA	1	0	0	0	0	0	0	NA	NA	NA	NA	NA	0	NA	NA	NA	NA	NA	NA	NA	NA	NA	NA	NA	NA	NA	NA	NA	NA	NA	NA	NA	NA	DSC_0668	2,305		TRUE	offspring	NA	NA	NA	NA	NA	NA	NA	praehirsuta
E5650	O165-4	5650	M5-1	10/07/2024	10/09/2024	F	NA	0	1	0	1	0	0	0	0	2	0	0	0	1	0	0	0	0	NA	1	0	0	0	0	0	0	NA	NA	NA	NA	NA	0	NA	NA	NA	NA	NA	NA	NA	NA	NA	NA	NA	NA	NA	NA	NA	NA	NA	NA	NA	NA	DSC_0669	2,305		TRUE	offspring	NA	NA	NA	NA	NA	NA	NA	praehirsuta
E5652	O166-2	5652	M5-1	10/07/2024	10/09/2024	F	NA	0	1	0	1	0	0	0	0	2	0	0	0	1	0	0	0	0	NA	1	0	0	0	0	0	0	NA	NA	NA	NA	NA	0	NA	NA	NA	NA	NA	NA	NA	NA	NA	NA	NA	NA	NA	NA	NA	NA	NA	NA	NA	NA	DSC_0671	2,844		TRUE	offspring	NA	NA	NA	NA	NA	NA	NA	praehirsuta
E5653	O167-1	5653	M8-1	12/07/2024	10/09/2024	M	praehirsuta	1	0	0	1	0	0	0	1	3	0	1	1	0	0	0	0	0	0	2	0	0	0	0	0	0	0	1	0	0	1	0	9	33	2	0	44	10	29	7	0	46	12	30	10	0	52	11	23	12	0	46	DSC_0672	1,859		TRUE	offspring	NA	NA	NA	NA	NA	NA	NA	praehirsuta
E5654	O167-5	5654	M8-1	12/07/2024	10/09/2024	F	NA	0	1	0	0	0	0	0	0	1	0	0	1	0	0	0	0	0	NA	1	0	0	0	0	0	0	NA	NA	NA	NA	NA	0	NA	NA	NA	NA	NA	NA	NA	NA	NA	NA	NA	NA	NA	NA	NA	NA	NA	NA	NA	NA	DSC_0673	2,138	Small	TRUE	offspring	NA	NA	NA	NA	NA	NA	NA	praehirsuta
E5668	O169-1	5668	M6-1	17/07/2024	16/09/2024	F	NA	0	0	1	0	0	0	0	0	1	0	0	0	1	0	0	0	0	NA	1	0	0	0	0	0	0	NA	NA	NA	NA	NA	0	NA	NA	NA	NA	NA	NA	NA	NA	NA	NA	NA	NA	NA	NA	NA	NA	NA	NA	NA	NA	DSC_0675	1,862		TRUE	offspring	NA	NA	NA	NA	NA	NA	NA	praehirsuta
E5671	O169-5	5671	M6-1	17/07/2024	16/09/2024	M	praehirsuta	0	1	1	1	0	0	0	1	4	0	0	0	1	0	0	0	0	0	1	0	0	0	0	0	0	0	0	0	0	0	0	10	37	0	0	47	12	43	8	0	63	12	30	9	0	51	10	30	9	0	49	DSC_0679	1,849		TRUE	offspring	NA	NA	NA	NA	NA	NA	NA	praehirsuta
E5673	O170-1	5673	M6-1	17/07/2024	16/09/2024	F	NA	0	1	0	1	0	0	0	0	2	0	0	0	1	0	0	0	0	NA	1	0	0	0	0	0	0	NA	NA	NA	NA	NA	0	NA	NA	NA	NA	NA	NA	NA	NA	NA	NA	NA	NA	NA	NA	NA	NA	NA	NA	NA	NA	DSC_0681	2,468		TRUE	offspring	NA	NA	NA	NA	NA	NA	NA	praehirsuta
E5674	O170-2	5674	M6-1	17/07/2024	16/09/2024	M	praehirsuta	1	0	1	1	0	0	0	0	3	0	1	0	0	0	0	0	0	0	1	0	0	0	0	0	0	0	0	0	0	0	0	6	24	0	0	30	12	28	5	0	45	11	31	7	0	49	12	26	8	0	46	DSC_0682	2,024	Slightly bent on photo	TRUE	offspring	NA	NA	NA	NA	NA	NA	NA	praehirsuta
E5675	O170-3	5675	M6-1	17/07/2024	16/09/2024	F	NA	0	1	0	0	0	0	0	1	2	0	0	1	0	0	0	0	0	NA	1	0	0	0	0	0	0	NA	NA	NA	NA	NA	0	NA	NA	NA	NA	NA	NA	NA	NA	NA	NA	NA	NA	NA	NA	NA	NA	NA	NA	NA	NA	DSC_0683	2,883		TRUE	offspring	NA	NA	NA	NA	NA	NA	NA	praehirsuta
E5679	O171-3	5679	M6-1	17/07/2024	16/09/2024	M	praehirsuta	1	1	0	0	0	0	1	0	3	0	0	1	0	0	0	0	0	0	1	0	0	0	0	0	0	0	0	0	0	0	0	6	25	1	0	32	9	30	4	0	43	7	24	4	0	35	7	21	6	0	34	DSC_0687-DSC_0688	2,072	In contact with O171-5	TRUE	offspring	NA	NA	NA	NA	NA	NA	NA	praehirsuta
E5681	O171-5	5681	M6-1	17/07/2024	16/09/2024	F	NA	0	1	0	0	0	0	0	0	1	0	0	1	0	0	0	0	0	NA	0	0	0	0	0	0	0	NA	NA	NA	NA	NA	0	NA	NA	NA	NA	NA	NA	NA	NA	NA	NA	NA	NA	NA	NA	NA	NA	NA	NA	NA	NA	DSC_0690	2,858	In contact with O171-3	TRUE	offspring	NA	NA	NA	NA	NA	NA	NA	praehirsuta
E5682	O172-2	5682	M23-1	17/07/2024	16/09/2024	F	NA	0	1	0	0	0	0	0	0	1	0	0	0	1	0	0	0	0	NA	1	0	0	0	0	0	0	NA	NA	NA	NA	NA	0	NA	NA	NA	NA	NA	NA	NA	NA	NA	NA	NA	NA	NA	NA	NA	NA	NA	NA	NA	NA	DSC_0691	3,065		TRUE	offspring	NA	NA	NA	NA	NA	NA	NA	praehirsuta
E5683	O172-3	5683	M23-1	17/07/2024	16/09/2024	F	NA	0	0	1	0	0	0	0	0	1	0	0	1	0	0	0	0	0	NA	1	0	0	0	0	0	0	NA	NA	NA	NA	NA	0	NA	NA	NA	NA	NA	NA	NA	NA	NA	NA	NA	NA	NA	NA	NA	NA	NA	NA	NA	NA	DSC_0692	2,883		TRUE	offspring	NA	NA	NA	NA	NA	NA	NA	praehirsuta
E5684	O172-4	5684	M23-1	17/07/2024	16/09/2024	F	NA	0	1	0	0	0	0	0	0	1	0	0	1	0	0	0	0	0	NA	1	0	0	0	0	0	0	NA	NA	NA	NA	NA	0	NA	NA	NA	NA	NA	NA	NA	NA	NA	NA	NA	NA	NA	NA	NA	NA	NA	NA	NA	NA	DSC_0693	2,191		TRUE	offspring	NA	NA	NA	NA	NA	NA	NA	praehirsuta
E5685	O172-5	5685	M23-1	17/07/2024	16/09/2024	F	NA	0	1	0	0	0	0	0	0	1	0	0	1	0	0	0	0	0	NA	1	0	0	0	0	0	0	NA	NA	NA	NA	NA	0	NA	NA	NA	NA	NA	NA	NA	NA	NA	NA	NA	NA	NA	NA	NA	NA	NA	NA	NA	NA	DSC_0694	2,762		TRUE	offspring	NA	NA	NA	NA	NA	NA	NA	praehirsuta
E5686	O172-6	5686	M23-1	17/07/2024	16/09/2024	M	praehirsuta	1	0	1	0	0	0	0	0	2	0	0	0	1	0	0	0	0	0	1	0	0	0	0	0	0	0	0	0	0	0	0	6	30	0	0	36	13	41	6	0	60	12	36	7	0	55	8	23	7	0	38	DSC_0695	2,014		TRUE	offspring	NA	NA	NA	NA	NA	NA	NA	praehirsuta
E5687	O173-1	5687	M23-1	17/07/2024	16/09/2024	M	praehirsuta	1	1	0	0	0	0	0	0	2	0	0	0	1	0	0	0	0	0	1	0	0	0	0	0	0	0	1	0	0	1	0	8	40	3	0	51	12	40	8	0	60	12	40	11	0	63	10	31	12	0	53	DSC_0696	2,106		TRUE	offspring	NA	NA	NA	NA	NA	NA	NA	praehirsuta
E5688	O173-2	5688	M23-1	17/07/2024	16/09/2024	F	NA	0	1	0	0	0	0	0	0	1	0	0	1	0	0	0	0	0	NA	1	0	0	0	0	0	0	NA	NA	NA	NA	NA	0	NA	NA	NA	NA	NA	NA	NA	NA	NA	NA	NA	NA	NA	NA	NA	NA	NA	NA	NA	NA	DSC_0697	2,511		TRUE	offspring	NA	NA	NA	NA	NA	NA	NA	praehirsuta
E5689	O173-3	5689	M23-1	17/07/2024	16/09/2024	F	NA	0	1	0	0	0	0	0	0	1	0	0	1	0	0	0	0	0	NA	1	0	0	0	0	0	0	NA	NA	NA	NA	NA	0	NA	NA	NA	NA	NA	NA	NA	NA	NA	NA	NA	NA	NA	NA	NA	NA	NA	NA	NA	NA	DSC_0698	2,688		TRUE	offspring	NA	NA	NA	NA	NA	NA	NA	praehirsuta
NA	O4-4	4954	M4-1	17/06/2024	29/07/2024	NA	NA	NA	NA	NA	NA	NA	NA	NA	NA	NA	NA	NA	NA	NA	NA	NA	NA	NA	NA	NA	NA	NA	NA	NA	NA	NA	NA	NA	NA	NA	NA	NA	NA	NA	NA	NA	NA	NA	NA	NA	NA	NA	NA	NA	NA	NA	NA	NA	NA	NA	NA	NA	NA	NA		FALSE	offspring	NA	NA	NA	NA	NA	NA	NA	forsmani
NA	O19-4	4955	M6-1	19/06/2024	29/07/2024	NA	NA	NA	NA	NA	NA	NA	NA	NA	NA	NA	NA	NA	NA	NA	NA	NA	NA	NA	NA	NA	NA	NA	NA	NA	NA	NA	NA	NA	NA	NA	NA	NA	NA	NA	NA	NA	NA	NA	NA	NA	NA	NA	NA	NA	NA	NA	NA	NA	NA	NA	NA	NA	NA	NA		FALSE	offspring	NA	NA	NA	NA	NA	NA	NA	praehirsuta
NA	O24-4	4956	M7-1	19/06/2024	29/07/2024	NA	NA	NA	NA	NA	NA	NA	NA	NA	NA	NA	NA	NA	NA	NA	NA	NA	NA	NA	NA	NA	NA	NA	NA	NA	NA	NA	NA	NA	NA	NA	NA	NA	NA	NA	NA	NA	NA	NA	NA	NA	NA	NA	NA	NA	NA	NA	NA	NA	NA	NA	NA	NA	NA	NA		FALSE	offspring	NA	NA	NA	NA	NA	NA	NA	praehirsuta
NA	O42-1	4957	M19-1	19/06/2024	29/07/2024	NA	NA	NA	NA	NA	NA	NA	NA	NA	NA	NA	NA	NA	NA	NA	NA	NA	NA	NA	NA	NA	NA	NA	NA	NA	NA	NA	NA	NA	NA	NA	NA	NA	NA	NA	NA	NA	NA	NA	NA	NA	NA	NA	NA	NA	NA	NA	NA	NA	NA	NA	NA	NA	NA	NA		FALSE	offspring	NA	NA	NA	NA	NA	NA	NA	forsmani
NA	O54-3	4959	M17-1	20/06/2024	30/07/2024	NA	NA	NA	NA	NA	NA	NA	NA	NA	NA	NA	NA	NA	NA	NA	NA	NA	NA	NA	NA	NA	NA	NA	NA	NA	NA	NA	NA	NA	NA	NA	NA	NA	NA	NA	NA	NA	NA	NA	NA	NA	NA	NA	NA	NA	NA	NA	NA	NA	NA	NA	NA	NA	NA	NA		FALSE	offspring	NA	NA	NA	NA	NA	NA	NA	forsmani
NA	O61-4	4960	M20-1	21/06/2024	30/07/2024	NA	NA	NA	NA	NA	NA	NA	NA	NA	NA	NA	NA	NA	NA	NA	NA	NA	NA	NA	NA	NA	NA	NA	NA	NA	NA	NA	NA	NA	NA	NA	NA	NA	NA	NA	NA	NA	NA	NA	NA	NA	NA	NA	NA	NA	NA	NA	NA	NA	NA	NA	NA	NA	NA	NA		FALSE	offspring	NA	NA	NA	NA	NA	NA	NA	praehirsuta
NA	O62-6	4962	M14-1	24/06/2024	02/08/2024	NA	NA	NA	NA	NA	NA	NA	NA	NA	NA	NA	NA	NA	NA	NA	NA	NA	NA	NA	NA	NA	NA	NA	NA	NA	NA	NA	NA	NA	NA	NA	NA	NA	NA	NA	NA	NA	NA	NA	NA	NA	NA	NA	NA	NA	NA	NA	NA	NA	NA	NA	NA	NA	NA	NA		FALSE	offspring	NA	NA	NA	NA	NA	NA	NA	forsmani
NA	O67-3	4963	M16-6	24/06/2024	02/08/2024	NA	NA	NA	NA	NA	NA	NA	NA	NA	NA	NA	NA	NA	NA	NA	NA	NA	NA	NA	NA	NA	NA	NA	NA	NA	NA	NA	NA	NA	NA	NA	NA	NA	NA	NA	NA	NA	NA	NA	NA	NA	NA	NA	NA	NA	NA	NA	NA	NA	NA	NA	NA	NA	NA	NA		FALSE	offspring	NA	NA	NA	NA	NA	NA	NA	praehirsuta
NA	O39-2	4965	M18-1	19/06/2024	05/08/2024	NA	NA	NA	NA	NA	NA	NA	NA	NA	NA	NA	NA	NA	NA	NA	NA	NA	NA	NA	NA	NA	NA	NA	NA	NA	NA	NA	NA	NA	NA	NA	NA	NA	NA	NA	NA	NA	NA	NA	NA	NA	NA	NA	NA	NA	NA	NA	NA	NA	NA	NA	NA	NA	NA	NA		FALSE	offspring	NA	NA	NA	NA	NA	NA	NA	praehirsuta
NA	O40-5	4966	M18-1	19/06/2024	05/08/2024	NA	NA	NA	NA	NA	NA	NA	NA	NA	NA	NA	NA	NA	NA	NA	NA	NA	NA	NA	NA	NA	NA	NA	NA	NA	NA	NA	NA	NA	NA	NA	NA	NA	NA	NA	NA	NA	NA	NA	NA	NA	NA	NA	NA	NA	NA	NA	NA	NA	NA	NA	NA	NA	NA	NA		FALSE	offspring	NA	NA	NA	NA	NA	NA	NA	praehirsuta
NA	O96-2	4967	M8-6	28/06/2024	07/08/2024	NA	NA	NA	NA	NA	NA	NA	NA	NA	NA	NA	NA	NA	NA	NA	NA	NA	NA	NA	NA	NA	NA	NA	NA	NA	NA	NA	NA	NA	NA	NA	NA	NA	NA	NA	NA	NA	NA	NA	NA	NA	NA	NA	NA	NA	NA	NA	NA	NA	NA	NA	NA	NA	NA	NA		FALSE	offspring	NA	NA	NA	NA	NA	NA	NA	forsmani
NA	O69-1	4968	M16-6	24/06/2024	09/08/2024	NA	NA	NA	NA	NA	NA	NA	NA	NA	NA	NA	NA	NA	NA	NA	NA	NA	NA	NA	NA	NA	NA	NA	NA	NA	NA	NA	NA	NA	NA	NA	NA	NA	NA	NA	NA	NA	NA	NA	NA	NA	NA	NA	NA	NA	NA	NA	NA	NA	NA	NA	NA	NA	NA	NA		FALSE	offspring	NA	NA	NA	NA	NA	NA	NA	praehirsuta
NA	O21-3	4969	M6-6	19/06/2024	12/08/2024	NA	NA	NA	NA	NA	NA	NA	NA	NA	NA	NA	NA	NA	NA	NA	NA	NA	NA	NA	NA	NA	NA	NA	NA	NA	NA	NA	NA	NA	NA	NA	NA	NA	NA	NA	NA	NA	NA	NA	NA	NA	NA	NA	NA	NA	NA	NA	NA	NA	NA	NA	NA	NA	NA	NA		FALSE	offspring	NA	NA	NA	NA	NA	NA	NA	praehirsuta
NA	O1-2	4971	M5-1	14/06/2024	13/08/2024	F	NA	NA	NA	NA	NA	NA	NA	NA	NA	NA	NA	NA	NA	NA	NA	NA	NA	NA	NA	NA	NA	NA	NA	NA	NA	NA	NA	NA	NA	NA	NA	NA	NA	NA	NA	NA	NA	NA	NA	NA	NA	NA	NA	NA	NA	NA	NA	NA	NA	NA	NA	NA	DSC_0968-DSC_0969	3,105		FALSE	offspring	NA	NA	NA	NA	NA	NA	NA	praehirsuta
NA	O3-1	4977	M4-1	17/06/2024	15/08/2024	F	NA	NA	NA	NA	NA	NA	NA	NA	NA	NA	NA	NA	NA	NA	NA	NA	NA	NA	NA	NA	NA	NA	NA	NA	NA	NA	NA	NA	NA	NA	NA	NA	NA	NA	NA	NA	NA	NA	NA	NA	NA	NA	NA	NA	NA	NA	NA	NA	NA	NA	NA	NA	DSC_0978-DSC_0979	2,982		FALSE	offspring	NA	NA	NA	NA	NA	NA	NA	forsmani
NA	O3-2	4978	M4-1	17/06/2024	15/08/2024	F	NA	NA	NA	NA	NA	NA	NA	NA	NA	NA	NA	NA	NA	NA	NA	NA	NA	NA	NA	NA	NA	NA	NA	NA	NA	NA	NA	NA	NA	NA	NA	NA	NA	NA	NA	NA	NA	NA	NA	NA	NA	NA	NA	NA	NA	NA	NA	NA	NA	NA	NA	NA	DSC_0980-DSC_0981	2,441		FALSE	offspring	NA	NA	NA	NA	NA	NA	NA	forsmani
NA	O3-4	4980	M4-1	17/06/2024	15/08/2024	F	NA	NA	NA	NA	NA	NA	NA	NA	NA	NA	NA	NA	NA	NA	NA	NA	NA	NA	NA	NA	NA	NA	NA	NA	NA	NA	NA	NA	NA	NA	NA	NA	NA	NA	NA	NA	NA	NA	NA	NA	NA	NA	NA	NA	NA	NA	NA	NA	NA	NA	NA	NA	DSC_0983	2,951		FALSE	offspring	NA	NA	NA	NA	NA	NA	NA	forsmani
NA	O4-1	4983	M4-1	17/06/2024	15/08/2024	M	forsmani	0	1	2	0	0	0	1	0	4	0	1	1	1	0	0	0	1	0	4	0	0	0	1	0	1	0	0	0	0	0	0	0	0	0	0	0	0	0	0	0	0	0	0	0	0	0	0	0	0	0	0	DSC_0986	2,283		FALSE	offspring	NA	NA	NA	NA	NA	NA	NA	forsmani
NA	O4-5	4986	M4-1	17/06/2024	15/08/2024	M	forsmani	0	3	1	0	0	0	1	1	6	0	1	2	0	0	0	0	0	0	3	0	0	0	1	0	1	0	0	0	0	0	0	0	0	0	0	0	0	0	0	0	0	0	0	0	0	0	0	0	0	0	0	DSC_0989	2,261		FALSE	offspring	NA	NA	NA	NA	NA	NA	NA	forsmani
NA	O4-6	4987	M4-1	17/06/2024	15/08/2024	M	forsmani	0	1	2	0	0	0	2	0	5	0	1	2	0	0	0	2	0	0	5	0	0	0	0	0	0	0	0	0	0	0	0	0	0	0	0	0	0	0	0	0	0	0	0	0	0	0	0	0	0	0	0	DSC_0990	2,345		FALSE	offspring	NA	NA	NA	NA	NA	NA	NA	forsmani
NA	O5-1	4988	M4-1	17/06/2024	15/08/2024	F	NA	NA	NA	NA	NA	NA	NA	NA	NA	NA	NA	NA	NA	NA	NA	NA	NA	NA	NA	NA	NA	NA	NA	NA	NA	NA	NA	NA	NA	NA	NA	NA	NA	NA	NA	NA	NA	NA	NA	NA	NA	NA	NA	NA	NA	NA	NA	NA	NA	NA	NA	NA	DSC_0991	2,779		FALSE	offspring	NA	NA	NA	NA	NA	NA	NA	forsmani
NA	O5-5	4991	M4-1	17/06/2024	15/08/2024	F	NA	NA	NA	NA	NA	NA	NA	NA	NA	NA	NA	NA	NA	NA	NA	NA	NA	NA	NA	NA	NA	NA	NA	NA	NA	NA	NA	NA	NA	NA	NA	NA	NA	NA	NA	NA	NA	NA	NA	NA	NA	NA	NA	NA	NA	NA	NA	NA	NA	NA	NA	NA	DSC_0995	2,749		FALSE	offspring	NA	NA	NA	NA	NA	NA	NA	forsmani
NA	O5-6	4992	M4-1	17/06/2024	15/08/2024	F	NA	NA	NA	NA	NA	NA	NA	NA	NA	NA	NA	NA	NA	NA	NA	NA	NA	NA	NA	NA	NA	NA	NA	NA	NA	NA	NA	NA	NA	NA	NA	NA	NA	NA	NA	NA	NA	NA	NA	NA	NA	NA	NA	NA	NA	NA	NA	NA	NA	NA	NA	NA	DSC_0996	2,853		FALSE	offspring	NA	NA	NA	NA	NA	NA	NA	forsmani
NA	O6-1	4993	M4-1	17/06/2024	16/08/2024	F	NA	NA	NA	NA	NA	NA	NA	NA	NA	NA	NA	NA	NA	NA	NA	NA	NA	NA	NA	NA	NA	NA	NA	NA	NA	NA	NA	NA	NA	NA	NA	NA	NA	NA	NA	NA	NA	NA	NA	NA	NA	NA	NA	NA	NA	NA	NA	NA	NA	NA	NA	NA	DSC_0997	2,457		FALSE	offspring	NA	NA	NA	NA	NA	NA	NA	forsmani
NA	O6-3	4995	M4-1	17/06/2024	16/08/2024	F	NA	NA	NA	NA	NA	NA	NA	NA	NA	NA	NA	NA	NA	NA	NA	NA	NA	NA	NA	NA	NA	NA	NA	NA	NA	NA	NA	NA	NA	NA	NA	NA	NA	NA	NA	NA	NA	NA	NA	NA	NA	NA	NA	NA	NA	NA	NA	NA	NA	NA	NA	NA	DSC_0999	2,719		FALSE	offspring	NA	NA	NA	NA	NA	NA	NA	forsmani
NA	O6-5	4997	M4-1	17/06/2024	16/08/2024	F	NA	NA	NA	NA	NA	NA	NA	NA	NA	NA	NA	NA	NA	NA	NA	NA	NA	NA	NA	NA	NA	NA	NA	NA	NA	NA	NA	NA	NA	NA	NA	NA	NA	NA	NA	NA	NA	NA	NA	NA	NA	NA	NA	NA	NA	NA	NA	NA	NA	NA	NA	NA	DSC_02	2,82		FALSE	offspring	NA	NA	NA	NA	NA	NA	NA	forsmani
NA	O7-2	5000	M4-1	17/06/2024	16/08/2024	M	forsmani	0	1	0	1	0	1	1	0	4	0	1	0	1	0	0	0	0	0	2	0	0	0	1	0	1	0	0	0	0	0	0	0	0	0	0	0	0	0	0	0	0	0	0	0	0	0	0	0	0	0	0	DSC_05	2,264		FALSE	offspring	NA	NA	NA	NA	NA	NA	NA	forsmani
NA	O7-3	5001	M4-1	17/06/2024	16/08/2024	M	forsmani	0	2	1	0	0	1	0	0	4	0	1	2	0	0	0	0	0	0	3	0	0	0	0	0	0	0	0	0	0	0	0	0	0	0	0	0	0	0	0	0	0	0	0	0	0	0	0	0	0	0	0	DSC_06	2,461	Slightly bent on phtoto	FALSE	offspring	NA	NA	NA	NA	NA	NA	NA	forsmani
NA	O8-2	5003	M11-6	17/06/2024	16/08/2024	F	NA	NA	NA	NA	NA	NA	NA	NA	NA	NA	NA	NA	NA	NA	NA	NA	NA	NA	NA	NA	NA	NA	NA	NA	NA	NA	NA	NA	NA	NA	NA	NA	NA	NA	NA	NA	NA	NA	NA	NA	NA	NA	NA	NA	NA	NA	NA	NA	NA	NA	NA	NA	DSC_08	2,439		FALSE	offspring	NA	NA	NA	NA	NA	NA	NA	forsmani
NA	O8-5	5005	M11-6	17/06/2024	16/08/2024	F	NA	NA	NA	NA	NA	NA	NA	NA	NA	NA	NA	NA	NA	NA	NA	NA	NA	NA	NA	NA	NA	NA	NA	NA	NA	NA	NA	NA	NA	NA	NA	NA	NA	NA	NA	NA	NA	NA	NA	NA	NA	NA	NA	NA	NA	NA	NA	NA	NA	NA	NA	NA	DSC_011	2,448		FALSE	offspring	NA	NA	NA	NA	NA	NA	NA	forsmani
NA	O8-6	5006	M11-6	17/06/2024	16/08/2024	F	NA	NA	NA	NA	NA	NA	NA	NA	NA	NA	NA	NA	NA	NA	NA	NA	NA	NA	NA	NA	NA	NA	NA	NA	NA	NA	NA	NA	NA	NA	NA	NA	NA	NA	NA	NA	NA	NA	NA	NA	NA	NA	NA	NA	NA	NA	NA	NA	NA	NA	NA	NA	DSC_012	2,805		FALSE	offspring	NA	NA	NA	NA	NA	NA	NA	forsmani
NA	O10-1	5010	M14-6	17/06/2024	16/08/2024	M	forsmani	0	1	0	2	0	0	0	0	3	0	1	0	1	0	0	0	0	0	2	0	0	0	0	0	0	0	0	0	0	0	0	0	0	0	0	0	0	0	0	0	0	0	0	0	0	0	0	0	0	0	0	DSC_0016-DSC_017	2,209	Slightly bent on the photo	FALSE	offspring	NA	NA	NA	NA	NA	NA	NA	forsmani
NA	O10-2	5008	M14-6	17/06/2024	16/08/2024	F	NA	NA	NA	NA	NA	NA	NA	NA	NA	NA	NA	NA	NA	NA	NA	NA	NA	NA	NA	NA	NA	NA	NA	NA	NA	NA	NA	NA	NA	NA	NA	NA	NA	NA	NA	NA	NA	NA	NA	NA	NA	NA	NA	NA	NA	NA	NA	NA	NA	NA	NA	NA	DSC_014	2,866		FALSE	offspring	NA	NA	NA	NA	NA	NA	NA	forsmani
NA	O10-5	5012	M14-6	17/06/2024	16/08/2024	F	NA	NA	NA	NA	NA	NA	NA	NA	NA	NA	NA	NA	NA	NA	NA	NA	NA	NA	NA	NA	NA	NA	NA	NA	NA	NA	NA	NA	NA	NA	NA	NA	NA	NA	NA	NA	NA	NA	NA	NA	NA	NA	NA	NA	NA	NA	NA	NA	NA	NA	NA	NA	DSC_019	2,662		FALSE	offspring	NA	NA	NA	NA	NA	NA	NA	forsmani
NA	O10-6	5013	M14-6	17/06/2024	16/08/2024	F	NA	NA	NA	NA	NA	NA	NA	NA	NA	NA	NA	NA	NA	NA	NA	NA	NA	NA	NA	NA	NA	NA	NA	NA	NA	NA	NA	NA	NA	NA	NA	NA	NA	NA	NA	NA	NA	NA	NA	NA	NA	NA	NA	NA	NA	NA	NA	NA	NA	NA	NA	NA	DSC_020	2,755		FALSE	offspring	NA	NA	NA	NA	NA	NA	NA	forsmani
NA	O11-1	5014	M14-6	17/06/2024	16/08/2024	F	NA	NA	NA	NA	NA	NA	NA	NA	NA	NA	NA	NA	NA	NA	NA	NA	NA	NA	NA	NA	NA	NA	NA	NA	NA	NA	NA	NA	NA	NA	NA	NA	NA	NA	NA	NA	NA	NA	NA	NA	NA	NA	NA	NA	NA	NA	NA	NA	NA	NA	NA	NA	DSC_0021-DSC_023	2,695		FALSE	offspring	NA	NA	NA	NA	NA	NA	NA	forsmani
NA	O12-5	5021	M25-1	17/06/2024	16/08/2024	M	forsmani	1	2	0	0	0	0	1	0	4	0	1	1	1	0	0	0	0	0	3	0	0	0	0	0	0	0	0	0	0	0	0	0	0	0	0	0	0	0	0	0	0	0	0	0	0	0	0	0	0	0	0	DSC_033	2,317		FALSE	offspring	NA	NA	NA	NA	NA	NA	NA	forsmani
NA	O13-5	5027	M25-1	17/06/2024	16/08/2024	F	NA	NA	NA	NA	NA	NA	NA	NA	NA	NA	NA	NA	NA	NA	NA	NA	NA	NA	NA	NA	NA	NA	NA	NA	NA	NA	NA	NA	NA	NA	NA	NA	NA	NA	NA	NA	NA	NA	NA	NA	NA	NA	NA	NA	NA	NA	NA	NA	NA	NA	NA	NA	DSC_044	2,67		FALSE	offspring	NA	NA	NA	NA	NA	NA	NA	forsmani
NA	O15-1	5032	M3-6	19/06/2024	19/08/2024	F	NA	NA	NA	NA	NA	NA	NA	NA	NA	NA	NA	NA	NA	NA	NA	NA	NA	NA	NA	NA	NA	NA	NA	NA	NA	NA	NA	NA	NA	NA	NA	NA	NA	NA	NA	NA	NA	NA	NA	NA	NA	NA	NA	NA	NA	NA	NA	NA	NA	NA	NA	NA	DSC_049	2,713		FALSE	offspring	NA	NA	NA	NA	NA	NA	NA	forsmani
NA	O15-2	5033	M3-6	19/06/2024	19/08/2024	F	NA	NA	NA	NA	NA	NA	NA	NA	NA	NA	NA	NA	NA	NA	NA	NA	NA	NA	NA	NA	NA	NA	NA	NA	NA	NA	NA	NA	NA	NA	NA	NA	NA	NA	NA	NA	NA	NA	NA	NA	NA	NA	NA	NA	NA	NA	NA	NA	NA	NA	NA	NA	DSC_050	2,616		FALSE	offspring	NA	NA	NA	NA	NA	NA	NA	forsmani
NA	O16-3	5040	M3-6	19/06/2024	19/08/2024	F	NA	NA	NA	NA	NA	NA	NA	NA	NA	NA	NA	NA	NA	NA	NA	NA	NA	NA	NA	NA	NA	NA	NA	NA	NA	NA	NA	NA	NA	NA	NA	NA	NA	NA	NA	NA	NA	NA	NA	NA	NA	NA	NA	NA	NA	NA	NA	NA	NA	NA	NA	NA	DSC_057	2,484		FALSE	offspring	NA	NA	NA	NA	NA	NA	NA	forsmani
NA	O16-5	5041	M3-6	19/06/2024	19/08/2024	M	forsmani	1	1	0	0	0	1	0	0	3	1	0	0	2	0	0	0	0	0	3	0	0	0	0	0	0	0	0	0	0	0	0	0	0	0	0	0	0	0	0	0	0	0	0	0	0	0	0	0	0	0	0	DSC_058	2,299	Slightly bent on photo	FALSE	offspring	NA	NA	NA	NA	NA	NA	NA	forsmani
NA	O16-6	5042	M3-6	19/06/2024	19/08/2024	F	NA	NA	NA	NA	NA	NA	NA	NA	NA	NA	NA	NA	NA	NA	NA	NA	NA	NA	NA	NA	NA	NA	NA	NA	NA	NA	NA	NA	NA	NA	NA	NA	NA	NA	NA	NA	NA	NA	NA	NA	NA	NA	NA	NA	NA	NA	NA	NA	NA	NA	NA	NA	DSC_0059-DSC_060	2,343		FALSE	offspring	NA	NA	NA	NA	NA	NA	NA	forsmani
NA	O17-2	5044	M3-6	19/06/2024	19/08/2024	F	NA	NA	NA	NA	NA	NA	NA	NA	NA	NA	NA	NA	NA	NA	NA	NA	NA	NA	NA	NA	NA	NA	NA	NA	NA	NA	NA	NA	NA	NA	NA	NA	NA	NA	NA	NA	NA	NA	NA	NA	NA	NA	NA	NA	NA	NA	NA	NA	NA	NA	NA	NA	DSC_062	3,033		FALSE	offspring	NA	NA	NA	NA	NA	NA	NA	forsmani
NA	O17-3	5045	M3-6	19/06/2024	19/08/2024	F	NA	NA	NA	NA	NA	NA	NA	NA	NA	NA	NA	NA	NA	NA	NA	NA	NA	NA	NA	NA	NA	NA	NA	NA	NA	NA	NA	NA	NA	NA	NA	NA	NA	NA	NA	NA	NA	NA	NA	NA	NA	NA	NA	NA	NA	NA	NA	NA	NA	NA	NA	NA	DSC_063	2,579		FALSE	offspring	NA	NA	NA	NA	NA	NA	NA	forsmani
NA	O17-5	5047	M3-6	19/06/2024	NA	M	forsmani	0	1	1	0	0	0	0	0	2	0	1	1	0	0	0	0	0	0	2	0	0	0	0	0	0	0	0	0	0	0	0	0	0	0	0	0	0	0	0	0	0	0	0	0	0	0	0	0	0	0	0	DSC_065	2,349	Found, fixed and photographed dead	FALSE	offspring	NA	NA	NA	NA	NA	NA	NA	forsmani
NA	O18-2	5050	M3-6	19/06/2024	19/08/2024	F	NA	NA	NA	NA	NA	NA	NA	NA	NA	NA	NA	NA	NA	NA	NA	NA	NA	NA	NA	NA	NA	NA	NA	NA	NA	NA	NA	NA	NA	NA	NA	NA	NA	NA	NA	NA	NA	NA	NA	NA	NA	NA	NA	NA	NA	NA	NA	NA	NA	NA	NA	NA	DSC_068	2,314		FALSE	offspring	NA	NA	NA	NA	NA	NA	NA	forsmani
NA	O18-5	5052	M3-6	19/06/2024	19/08/2024	F	NA	NA	NA	NA	NA	NA	NA	NA	NA	NA	NA	NA	NA	NA	NA	NA	NA	NA	NA	NA	NA	NA	NA	NA	NA	NA	NA	NA	NA	NA	NA	NA	NA	NA	NA	NA	NA	NA	NA	NA	NA	NA	NA	NA	NA	NA	NA	NA	NA	NA	NA	NA	DSC_070	2,795		FALSE	offspring	NA	NA	NA	NA	NA	NA	NA	forsmani
NA	O19-5	5056	M6-1	19/06/2024	19/08/2024	F	NA	NA	NA	NA	NA	NA	NA	NA	NA	NA	NA	NA	NA	NA	NA	NA	NA	NA	NA	NA	NA	NA	NA	NA	NA	NA	NA	NA	NA	NA	NA	NA	NA	NA	NA	NA	NA	NA	NA	NA	NA	NA	NA	NA	NA	NA	NA	NA	NA	NA	NA	NA	DSC_074	2,438		FALSE	offspring	NA	NA	NA	NA	NA	NA	NA	praehirsuta
NA	O26-3	5082	M7-1	19/06/2024	19/08/2024	NA	NA	NA	NA	NA	NA	NA	NA	NA	NA	NA	NA	NA	NA	NA	NA	NA	NA	NA	NA	NA	NA	NA	NA	NA	NA	NA	NA	NA	NA	NA	NA	NA	NA	NA	NA	NA	NA	NA	NA	NA	NA	NA	NA	NA	NA	NA	NA	NA	NA	NA	NA	NA	DSC_0101-DSC_0102	2,053	Small and maybe immature male	FALSE	offspring	NA	NA	NA	NA	NA	NA	NA	praehirsuta
NA	O26-4	5083	M7-1	19/06/2024	19/08/2024	NA	NA	NA	NA	NA	NA	NA	NA	NA	NA	NA	NA	NA	NA	NA	NA	NA	NA	NA	NA	NA	NA	NA	NA	NA	NA	NA	NA	NA	NA	NA	NA	NA	NA	NA	NA	NA	NA	NA	NA	NA	NA	NA	NA	NA	NA	NA	NA	NA	NA	NA	NA	NA	DSC_0103	2,172	Small and maybe immature male	FALSE	offspring	NA	NA	NA	NA	NA	NA	NA	praehirsuta
NA	O26-5	5084	M7-1	19/06/2024	19/08/2024	NA	NA	NA	NA	NA	NA	NA	NA	NA	NA	NA	NA	NA	NA	NA	NA	NA	NA	NA	NA	NA	NA	NA	NA	NA	NA	NA	NA	NA	NA	NA	NA	NA	NA	NA	NA	NA	NA	NA	NA	NA	NA	NA	NA	NA	NA	NA	NA	NA	NA	NA	NA	NA	DSC_0104	2,231	Small and maybe immature male	FALSE	offspring	NA	NA	NA	NA	NA	NA	NA	praehirsuta
NA	O27-1	5086	M7-1	19/06/2024	19/08/2024	NA	NA	NA	NA	NA	NA	NA	NA	NA	NA	NA	NA	NA	NA	NA	NA	NA	NA	NA	NA	NA	NA	NA	NA	NA	NA	NA	NA	NA	NA	NA	NA	NA	NA	NA	NA	NA	NA	NA	NA	NA	NA	NA	NA	NA	NA	NA	NA	NA	NA	NA	NA	NA	DSC_0106	2,117	Small and maybe immature male	FALSE	offspring	NA	NA	NA	NA	NA	NA	NA	praehirsuta
NA	O27-2	5087	M7-1	19/06/2024	19/08/2024	NA	NA	NA	NA	NA	NA	NA	NA	NA	NA	NA	NA	NA	NA	NA	NA	NA	NA	NA	NA	NA	NA	NA	NA	NA	NA	NA	NA	NA	NA	NA	NA	NA	NA	NA	NA	NA	NA	NA	NA	NA	NA	NA	NA	NA	NA	NA	NA	NA	NA	NA	NA	NA	DSC_0107	1,901	Small and maybe immature male	FALSE	offspring	NA	NA	NA	NA	NA	NA	NA	praehirsuta
NA	O27-3	5088	M7-1	19/06/2024	19/08/2024	NA	NA	NA	NA	NA	NA	NA	NA	NA	NA	NA	NA	NA	NA	NA	NA	NA	NA	NA	NA	NA	NA	NA	NA	NA	NA	NA	NA	NA	NA	NA	NA	NA	NA	NA	NA	NA	NA	NA	NA	NA	NA	NA	NA	NA	NA	NA	NA	NA	NA	NA	NA	NA	DSC_0108	2,028	Small and maybe immature male	FALSE	offspring	NA	NA	NA	NA	NA	NA	NA	praehirsuta
NA	O27-4	5089	M7-1	19/06/2024	19/08/2024	NA	NA	NA	NA	NA	NA	NA	NA	NA	NA	NA	NA	NA	NA	NA	NA	NA	NA	NA	NA	NA	NA	NA	NA	NA	NA	NA	NA	NA	NA	NA	NA	NA	NA	NA	NA	NA	NA	NA	NA	NA	NA	NA	NA	NA	NA	NA	NA	NA	NA	NA	NA	NA	DSC_0109	1,989	Small and maybe immature male	FALSE	offspring	NA	NA	NA	NA	NA	NA	NA	praehirsuta
NA	O28-2	5092	M11-1	19/06/2024	NA	M	forsmani	0	1	2	0	0	0	0	0	3	0	1	1	1	0	0	0	0	0	3	0	0	0	0	0	0	0	0	0	0	0	0	0	0	0	0	0	0	0	0	0	0	0	0	0	0	0	0	0	0	0	0	DSC_0121-DSC_0122	1,935	"Found, fixed and photographed dead; slightly bent and degraded on photo"	FALSE	offspring	NA	NA	NA	NA	NA	NA	NA	forsmani
NA	O28-4	5093	M11-1	19/06/2024	NA	M	NA	NA	NA	NA	NA	NA	NA	NA	NA	NA	NA	NA	NA	NA	NA	NA	NA	NA	NA	NA	NA	NA	NA	NA	NA	NA	NA	NA	NA	NA	NA	NA	NA	NA	NA	NA	NA	NA	NA	NA	NA	NA	NA	NA	NA	NA	NA	NA	NA	NA	NA	NA	NA_0	NA	Immature male, Found, fixed and photographed dead	FALSE	offspring	NA	NA	NA	NA	NA	NA	NA	forsmani
NA	O54-5	5127	M17-1	20/06/2024	NA	M	NA	NA	NA	NA	NA	NA	NA	NA	NA	NA	NA	NA	NA	NA	NA	NA	NA	NA	NA	NA	NA	NA	NA	NA	NA	NA	NA	NA	NA	NA	NA	NA	NA	NA	NA	NA	NA	NA	NA	NA	NA	NA	NA	NA	NA	NA	NA	NA	NA	NA	NA	NA	DSC_0161	2,274	Fixed and photographed dead	FALSE	offspring	NA	NA	NA	NA	NA	NA	NA	forsmani
NA	O32-2	5141	M12-1	19/06/2024	20/08/2024	M	praehirsuta	1	0	0	1	0	0	0	0	2	0	0	0	0	0	0	0	0	0	0	0	0	0	0	0	0	0	0	0	0	0	0	9	35	0	0	44	8	39	5	0	52	11	>35	7	0	53	11	21	12	0	44	DSC_0175	1,974	Slightly bent on photo	FALSE	offspring	NA	NA	NA	NA	NA	NA	NA	praehirsuta
NA	O33-3	5157	M12-1	19/06/2024	21/08/2024	F	NA	0	0	1	0	0	0	0	0	1	0	0	0	1	0	0	0	0	NA	1	0	0	0	0	0	0	NA	NA	NA	NA	NA	0	NA	NA	NA	NA	NA	NA	NA	NA	NA	NA	NA	NA	NA	NA	NA	NA	NA	NA	NA	NA	DSC_0191	2,6		FALSE	offspring	NA	NA	NA	NA	NA	NA	NA	praehirsuta
NA	O33-5	5159	M12-1	19/06/2024	21/08/2024	M	praehirsuta	1	0	0	1	0	0	0	0	2	0	0	1	0	0	0	0	0	0	1	0	0	0	0	0	0	0	0	0	0	0	0	8	32	1	0	41	12	33	7	0	52	11	25	7	0	43	11	26	10	0	47	DSC_0193-DSC_0195	2,07		FALSE	offspring	NA	NA	NA	NA	NA	NA	NA	praehirsuta
NA	O34-2	5161	M12-1	19/06/2024	21/08/2024	M	praehirsuta	1	0	0	1	0	0	0	0	2	0	0	1	0	0	0	0	0	0	1	0	0	0	0	0	0	0	1	0	0	1	0	12	32	1	0	45	13	36	9	0	58	14	20	10	0	44	13	24	9	0	46	DSC_0197	2,101		FALSE	offspring	NA	NA	NA	NA	NA	NA	NA	praehirsuta
NA	O34-4	5163	M12-1	19/06/2024	21/08/2024	M	praehirsuta	1	0	0	0	0	0	0	0	1	0	0	1	0	0	0	0	0	0	1	0	0	0	0	0	0	0	0	0	0	0	NA	NA	NA	NA	NA	NA	NA	NA	NA	NA	NA	NA	NA	NA	NA	NA	NA	NA	NA	NA	NA	DSC_0199	1,72	Curled up, impossible to count	FALSE	offspring	NA	NA	NA	NA	NA	NA	NA	praehirsuta
NA	O34-6	5165	M12-1	19/06/2024	21/08/2024	F	NA	0	1	0	0	0	0	0	0	1	0	0	0	1	0	0	0	0	NA	1	0	0	0	0	0	0	NA	NA	NA	NA	NA	0	NA	NA	NA	NA	NA	NA	NA	NA	NA	NA	NA	NA	NA	NA	NA	NA	NA	NA	NA	NA	DSC_0201	2,987	Slightly bent on photo	FALSE	offspring	NA	NA	NA	NA	NA	NA	NA	praehirsuta
NA	O35-4	5168	M12-1	19/06/2024	21/08/2024	M	praehirsuta	0	1	1	0	0	0	0	0	2	0	0	1	0	0	0	0	0	0	1	0	0	0	0	0	0	0	0	0	0	0	0	9	30	1	0	40	10	22	5	0	37	9	23	7	0	39	10	16	7	0	33	DSC_0204	1,869		FALSE	offspring	NA	NA	NA	NA	NA	NA	NA	praehirsuta
NA	O35-5	5169	M12-1	19/06/2024	21/08/2024	F	NA	0	1	0	0	0	0	0	0	1	0	0	0	1	0	0	0	0	NA	1	0	0	0	0	0	0	NA	NA	NA	NA	NA	0	NA	NA	NA	NA	NA	NA	NA	NA	NA	NA	NA	NA	NA	NA	NA	NA	NA	NA	NA	NA	DSC_0205	2,695		FALSE	offspring	NA	NA	NA	NA	NA	NA	NA	praehirsuta
NA	O37-5	5180	M13-6	19/06/2024	22/08/2024	F	NA	0	1	0	0	0	0	0	0	1	0	1	0	0	0	0	0	0	NA	1	0	0	0	0	0	0	NA	NA	NA	NA	NA	0	NA	NA	NA	NA	NA	NA	NA	NA	NA	NA	NA	NA	NA	NA	NA	NA	NA	NA	NA	NA	DSC_0217	2,608		FALSE	offspring	NA	NA	NA	NA	NA	NA	NA	forsmani
NA	O42-2	5188	M19-1	19/06/2024	NA	M	NA	1	1	0	0	0	0	0	0	2	1	0	0	2	0	0	0	0	0	3	0	0	0	0	0	0	0	0	0	0	0	0	0	0	0	0	0	0	0	0	0	0	0	0	0	0	0	0	0	0	0	0	DSC_0225	1,898	"dead; small"	FALSE	offspring	NA	NA	NA	NA	NA	NA	NA	forsmani
NA	O42-5	5190	M19-1	19/06/2024	NA	NA	NA	NA	NA	NA	NA	NA	NA	NA	NA	NA	NA	NA	NA	NA	NA	NA	NA	NA	NA	NA	NA	NA	NA	NA	NA	NA	NA	NA	NA	NA	NA	NA	NA	NA	NA	NA	NA	NA	NA	NA	NA	NA	NA	NA	NA	NA	NA	NA	NA	NA	NA	NA	DSC_0227	2,024	"dead; very small; slightly bent on photo"	FALSE	offspring	NA	NA	NA	NA	NA	NA	NA	forsmani
NA	O45-5	5202	M25-6	19/06/2024	22/08/2024	F	NA	0	0	1	0	0	0	0	0	1	0	0	0	1	0	0	0	0	NA	1	0	0	0	0	0	0	NA	NA	NA	NA	NA	0	NA	NA	NA	NA	NA	NA	NA	NA	NA	NA	NA	NA	NA	NA	NA	NA	NA	NA	NA	NA	DSC_0239	2,779		FALSE	offspring	NA	NA	NA	NA	NA	NA	NA	praehirsuta
NA	O46-2	5204	M25-6	19/06/2024	22/08/2024	F	NA	0	0	0	1	0	0	0	0	1	0	0	0	0	0	0	0	0	NA	0	0	0	0	0	0	0	NA	NA	NA	NA	NA	0	NA	NA	NA	NA	NA	NA	NA	NA	NA	NA	NA	NA	NA	NA	NA	NA	NA	NA	NA	NA	DSC_0242	2,253		FALSE	offspring	NA	NA	NA	NA	NA	NA	NA	praehirsuta
NA	O46-3	5205	M25-6	19/06/2024	22/08/2024	F	NA	0	0	1	0	0	0	0	0	1	0	0	0	1	0	0	0	0	NA	1	0	0	0	0	0	0	NA	NA	NA	NA	NA	0	NA	NA	NA	NA	NA	NA	NA	NA	NA	NA	NA	NA	NA	NA	NA	NA	NA	NA	NA	NA	DSC_0243	2,581		FALSE	offspring	NA	NA	NA	NA	NA	NA	NA	praehirsuta
NA	O46-6	5207	M25-6	19/06/2024	22/08/2024	M	NA	NA	NA	NA	NA	NA	NA	NA	NA	NA	NA	NA	NA	NA	NA	NA	NA	NA	NA	NA	NA	NA	NA	NA	NA	NA	NA	NA	NA	NA	NA	NA	NA	NA	NA	NA	NA	NA	NA	NA	NA	NA	NA	NA	NA	NA	NA	NA	NA	NA	NA	NA	DSC_0245	1,57	very small	FALSE	offspring	NA	NA	NA	NA	NA	NA	NA	praehirsuta
NA	O47-4	5211	M25-6	19/06/2024	23/08/2024	F	NA	0	1	0	0	0	0	0	0	1	0	0	0	1	0	0	0	0	NA	1	0	0	0	0	0	0	NA	NA	NA	NA	NA	0	NA	NA	NA	NA	NA	NA	NA	NA	NA	NA	NA	NA	NA	NA	NA	NA	NA	NA	NA	NA	DSC_0249	1,906	Slightly bent on photo	FALSE	offspring	NA	NA	NA	NA	NA	NA	NA	praehirsuta
NA	O47-6	5212	M25-6	19/06/2024	23/08/2024	F	NA	0	1	0	0	0	0	0	0	1	0	0	0	1	0	0	0	0	NA	1	0	0	0	0	0	0	NA	NA	NA	NA	NA	0	NA	NA	NA	NA	NA	NA	NA	NA	NA	NA	NA	NA	NA	NA	NA	NA	NA	NA	NA	NA	DSC_0250	2,184		FALSE	offspring	NA	NA	NA	NA	NA	NA	NA	praehirsuta
NA	O62-4	5217	M14-1	24/06/2024	NA	M	forsmani	1	2	0	0	0	0	0	0	3	0	1	2	0	0	0	0	0	0	3	0	0	0	0	0	0	0	0	0	0	0	0	0	0	0	0	0	0	0	0	0	0	0	0	0	0	0	0	0	0	0	0	DSC_0255	2,269		FALSE	offspring	NA	NA	NA	NA	NA	NA	NA	forsmani
NA	O63-1	5219	M14-1	24/06/2024	23/08/2024	M	forsmani	0	1	1	0	0	0	0	0	2	0	1	0	1	0	0	0	0	0	2	0	0	0	1	0	1	0	0	0	0	0	0	0	0	0	0	0	0	0	0	0	0	0	0	0	0	0	0	0	0	0	0	DSC_0257	1,809		FALSE	offspring	NA	NA	NA	NA	NA	NA	NA	forsmani
NA	O63-4	5222	M14-1	24/06/2024	23/08/2024	F	NA	0	1	0	0	0	0	0	0	1	0	0	1	0	0	0	0	0	NA	1	0	0	0	0	0	0	NA	NA	NA	NA	NA	0	NA	NA	NA	NA	NA	NA	NA	NA	NA	NA	NA	NA	NA	NA	NA	NA	NA	NA	NA	NA	DSC_0260	2,523	Already extracted in september 2024	Already_extracted	offspring	NA	NA	NA	NA	NA	NA	NA	forsmani
NA	O63-5	5223	M14-1	24/06/2024	23/08/2024	F	NA	0	0	1	0	0	0	0	0	1	0	0	1	0	0	0	0	0	NA	1	0	0	0	0	0	0	NA	NA	NA	NA	NA	0	NA	NA	NA	NA	NA	NA	NA	NA	NA	NA	NA	NA	NA	NA	NA	NA	NA	NA	NA	NA	DSC_0261	1,855	"Slightly bent on photo; already extracted in september 2024"	Already_extracted	offspring	NA	NA	NA	NA	NA	NA	NA	forsmani
NA	O64-3	5226	M14-1	24/06/2024	23/08/2024	M	forsmani	0	1	1	0	0	0	0	0	2	0	1	0	1	0	0	0	0	0	2	0	0	0	0	0	0	0	0	0	0	0	0	0	0	0	0	0	0	0	0	0	0	0	0	0	0	0	0	0	0	0	0	DSC_0264	2,001		FALSE	offspring	NA	NA	NA	NA	NA	NA	NA	forsmani
NA	O65-4	5231	M14-1	24/06/2024	23/08/2024	M	forsmani	0	1	0	1	0	0	0	0	2	0	1	1	1	0	0	0	0	0	3	0	0	0	0	0	0	0	0	0	0	0	0	0	0	0	0	0	0	0	0	0	0	0	0	0	0	0	0	0	0	0	0	DSC_0269	2,266		Already_extracted	offspring	NA	NA	NA	NA	NA	NA	NA	forsmani
NA	O66-5	5236	M16-6	24/06/2024	23/08/2024	F	NA	0	0	1	0	0	0	0	0	1	0	0	0	1	0	0	0	0	NA	1	0	0	0	0	0	0	NA	NA	NA	NA	NA	0	NA	NA	NA	NA	NA	NA	NA	NA	NA	NA	NA	NA	NA	NA	NA	NA	NA	NA	NA	NA	DSC_0274	2,784		Already_extracted	offspring	NA	NA	NA	NA	NA	NA	NA	praehirsuta
NA	O66-6	5237	M16-6	24/06/2024	23/08/2024	M	praehirsuta	0	1	0	0	0	0	0	0	1	0	0	0	1	0	0	0	0	0	1	0	0	0	0	0	0	0	0	0	0	0	NA	NA	NA	NA	NA	NA	NA	NA	NA	NA	NA	NA	NA	NA	NA	NA	NA	NA	NA	NA	NA	DSC_0275	1,746	too curled up for P4 to P1	Already_extracted	offspring	NA	NA	NA	NA	NA	NA	NA	praehirsuta
NA	O67-2	5239	M16-6	24/06/2024	23/08/2024	F	NA	0	1	0	1	0	0	0	0	2	0	0	0	1	0	0	0	0	NA	1	0	0	0	0	0	0	NA	NA	NA	NA	NA	0	NA	NA	NA	NA	NA	NA	NA	NA	NA	NA	NA	NA	NA	NA	NA	NA	NA	NA	NA	NA	DSC_0277	2,134		Already_extracted	offspring	NA	NA	NA	NA	NA	NA	NA	praehirsuta
NA	O68-2	5244	M16-6	24/06/2024	23/08/2024	M	praehirsuta	0	1	0	1	0	0	0	0	2	0	0	0	1	0	0	0	0	0	1	0	0	0	0	0	0	0	0	0	0	0	0	2	19	0	0	21	NA	NA	NA	NA	NA	5	NA	NA	NA	NA	NA	NA	NA	NA	NA	DSC_0282	1,664	curled up p3 p2 p1	FALSE	offspring	NA	NA	NA	NA	NA	NA	NA	praehirsuta
NA	O70-2	5251	M1-1	26/06/2024	26/08/2024	F	NA	NA	NA	NA	NA	NA	NA	NA	NA	NA	NA	NA	NA	NA	NA	NA	NA	NA	NA	NA	NA	NA	NA	NA	NA	NA	NA	NA	NA	NA	NA	NA	NA	NA	NA	NA	NA	NA	NA	NA	NA	NA	NA	NA	NA	NA	NA	NA	NA	NA	NA	NA	DSC_0289	2,769	NA or 0?	FALSE	offspring	NA	NA	NA	NA	NA	NA	NA	praehirsuta
NA	O70-5	5253	M1-1	26/06/2024	26/08/2024	M	praehirsuta	0	1	1	0	0	0	0	1	3	0	0	0	1	0	0	0	0	0	1	0	0	0	0	0	0	0	0	0	0	0	0	9	35	1	0	45	12	38	7	0	57	10	32	9	0	51	14	21	9	0	44	DSC_0291	1,918		FALSE	offspring	NA	NA	NA	NA	NA	NA	NA	praehirsuta
NA	O71-1	5255	M1-1	26/06/2024	26/08/2024	F	NA	0	1	0	0	0	0	0	0	1	0	0	1	0	0	0	0	0	NA	1	0	0	0	0	0	0	NA	NA	NA	NA	NA	0	NA	NA	NA	NA	NA	NA	NA	NA	NA	NA	NA	NA	NA	NA	NA	NA	NA	NA	NA	NA	DSC_0293	2,615		FALSE	offspring	NA	NA	NA	NA	NA	NA	NA	praehirsuta
NA	O72-5	5262	M1-1	26/06/2024	26/08/2024	F	NA	0	1	0	0	0	0	0	0	1	0	0	0	1	0	0	0	0	NA	1	0	0	0	0	0	0	NA	NA	NA	NA	NA	0	NA	NA	NA	NA	NA	NA	NA	NA	NA	NA	NA	NA	NA	NA	NA	NA	NA	NA	NA	NA	DSC_0300	2,771		FALSE	offspring	NA	NA	NA	NA	NA	NA	NA	praehirsuta
NA	O74-4	5269	M4-6	26/06/2024	26/08/2024	M	forsmani	1	0	1	0	0	1	0	0	3	1	0	1	1	0	0	0	0	0	3	0	0	0	0	0	0	0	0	0	0	0	0	0	0	0	0	0	0	0	0	0	0	0	0	0	0	0	0	0	0	0	0	DSC_0307	2,298		FALSE	offspring	NA	NA	NA	NA	NA	NA	NA	forsmani
NA	O75-1	5274	M4-6	26/06/2024	26/08/2024	F	NA	0	1	0	0	0	0	0	0	1	0	1	0	0	0	0	0	0	NA	1	0	0	0	1	0	1	NA	NA	NA	NA	NA	0	NA	NA	NA	NA	NA	NA	NA	NA	NA	NA	NA	NA	NA	NA	NA	NA	NA	NA	NA	NA	DSC_0312	3,008		FALSE	offspring	NA	NA	NA	NA	NA	NA	NA	forsmani
NA	O75-4	5277	M4-6	26/06/2024	26/08/2024	M	hybrid	NA	NA	NA	NA	NA	NA	NA	NA	NA	NA	NA	NA	NA	NA	NA	NA	NA	NA	NA	NA	NA	NA	NA	NA	NA	NA	NA	NA	NA	NA	NA	NA	NA	NA	NA	NA	NA	NA	NA	NA	NA	NA	NA	NA	NA	NA	NA	NA	NA	NA	NA	DSC_0315	2	dead, but similar to O75-3	FALSE	offspring	NA	NA	NA	NA	NA	NA	NA	forsmani
NA	O90-6	5286	M3-1	28/06/2024	27/08/2024	F	NA	0	1	0	1	0	0	0	0	2	0	1	0	0	0	0	0	0	NA	1	0	0	0	0	0	0	NA	NA	NA	NA	NA	0	NA	NA	NA	NA	NA	NA	NA	NA	NA	NA	NA	NA	NA	NA	NA	NA	NA	NA	NA	NA	DSC_0327	2,844		FALSE	offspring	NA	NA	NA	NA	NA	NA	NA	forsmani
NA	O92-1	5291	M3-1	28/06/2024	27/08/2024	F	NA	0	1	0	0	0	0	0	0	1	0	1	0	0	0	0	0	0	NA	1	0	0	0	0	0	0	NA	NA	NA	NA	NA	0	NA	NA	NA	NA	NA	NA	NA	NA	NA	NA	NA	NA	NA	NA	NA	NA	NA	NA	NA	NA	DSC_0332	2,487		FALSE	offspring	NA	NA	NA	NA	NA	NA	NA	forsmani
NA	O92-5	5294	M3-1	28/06/2024	27/08/2024	M	forsmani	1	2	0	0	0	1	0	0	4	0	1	1	1	0	0	0	0	0	3	0	0	0	0	0	0	0	0	0	0	0	0	0	0	0	0	0	0	0	0	0	0	0	0	0	0	0	0	0	0	0	0	DSC_0335	2,283		FALSE	offspring	NA	NA	NA	NA	NA	NA	NA	forsmani
NA	O92-6	5295	M3-1	28/06/2024	27/08/2024	M	forsmani	1	1	1	0	0	0	0	0	3	0	1	2	0	0	0	0	0	0	3	0	0	0	0	0	0	0	0	0	0	0	0	0	0	0	0	0	0	0	0	0	0	0	0	0	0	0	0	0	0	0	0	DSC_0336	2,31		FALSE	offspring	NA	NA	NA	NA	NA	NA	NA	forsmani
NA	O94-2	5301	M7-6	28/06/2024	27/08/2024	M	praehirsuta	0	1	0	0	0	0	0	0	1	0	0	0	1	0	0	0	0	0	1	0	0	0	0	0	0	0	0	0	0	0	0	1	29	0	0	30	5	30	4	0	39	5	27	5	0	37	6	15	6	0	27	DSC_0342	1,952		FALSE	offspring	NA	NA	NA	NA	NA	NA	NA	praehirsuta
NA	O77-2	5347	M18-6	26/06/2024	28/08/2024	M	praehirsuta	0	1	0	1	0	0	0	0	2	0	1	0	0	0	0	0	0	0	1	0	0	0	0	0	0	0	0	0	0	0	0	10	34	0	0	44	11	29	9	0	49	10	31	9	0	50	14	23	13	0	50	DSC_0388	2,149		FALSE	offspring	NA	NA	NA	NA	NA	NA	NA	praehirsuta
NA	O77-6	5351	M18-6	26/06/2024	28/08/2024	F	NA	0	0	1	0	0	0	0	0	1	0	0	0	1	0	0	0	0	NA	1	0	0	0	0	0	0	NA	NA	NA	NA	NA	0	NA	NA	NA	NA	NA	NA	NA	NA	NA	NA	NA	NA	NA	NA	NA	NA	NA	NA	NA	NA	DSC_0392	2,753		FALSE	offspring	NA	NA	NA	NA	NA	NA	NA	praehirsuta
NA	O78-1	5352	M18-6	26/06/2024	28/08/2024	F	NA	0	1	0	0	0	0	0	0	1	0	0	1	0	0	0	0	0	NA	1	0	0	0	0	0	0	NA	NA	NA	NA	NA	0	NA	NA	NA	NA	NA	NA	NA	NA	NA	NA	NA	NA	NA	NA	NA	NA	NA	NA	NA	NA	DSC_0393	2,824		FALSE	offspring	NA	NA	NA	NA	NA	NA	NA	praehirsuta
NA	O78-3	5354	M18-6	26/06/2024	28/08/2024	F	NA	0	1	0	0	0	0	0	0	1	0	0	1	0	0	0	0	0	NA	1	0	0	0	0	0	0	NA	NA	NA	NA	NA	0	NA	NA	NA	NA	NA	NA	NA	NA	NA	NA	NA	NA	NA	NA	NA	NA	NA	NA	NA	NA	DSC_0395	3,059		FALSE	offspring	NA	NA	NA	NA	NA	NA	NA	praehirsuta
NA	O78-5	5356	M18-6	26/06/2024	28/08/2024	F	NA	0	1	0	0	0	0	0	0	1	0	0	0	1	0	0	0	0	NA	1	0	0	0	0	0	0	NA	NA	NA	NA	NA	0	NA	NA	NA	NA	NA	NA	NA	NA	NA	NA	NA	NA	NA	NA	NA	NA	NA	NA	NA	NA	DSC_0397	2,856		FALSE	offspring	NA	NA	NA	NA	NA	NA	NA	praehirsuta
NA	O78-6	5357	M18-6	26/06/2024	28/08/2024	F	NA	0	1	0	0	0	0	0	0	1	0	0	1	0	0	0	0	0	NA	1	0	0	0	0	0	0	NA	NA	NA	NA	NA	0	NA	NA	NA	NA	NA	NA	NA	NA	NA	NA	NA	NA	NA	NA	NA	NA	NA	NA	NA	NA	DSC_0398	2,88		FALSE	offspring	NA	NA	NA	NA	NA	NA	NA	praehirsuta
NA	O79-3	5361	M18-6	26/06/2024	29/08/2024	F	NA	0	0	1	0	0	0	0	0	1	0	0	0	0	0	0	0	0	NA	0	0	0	0	0	0	0	NA	NA	NA	NA	NA	0	NA	NA	NA	NA	NA	NA	NA	NA	NA	NA	NA	NA	NA	NA	NA	NA	NA	NA	NA	NA	DSC_0400	2,942		FALSE	offspring	NA	NA	NA	NA	NA	NA	NA	praehirsuta
NA	O79-5	5363	M18-6	26/06/2024	29/08/2024	F	NA	0	1	0	0	0	0	0	0	1	0	0	0	1	0	0	0	0	NA	1	0	0	0	0	0	0	NA	NA	NA	NA	NA	0	NA	NA	NA	NA	NA	NA	NA	NA	NA	NA	NA	NA	NA	NA	NA	NA	NA	NA	NA	NA	DSC_0402	3,136		FALSE	offspring	NA	NA	NA	NA	NA	NA	NA	praehirsuta
NA	O80-1	5365	M18-6	26/06/2024	29/08/2024	M	praehirsuta	0	1	1	0	0	0	0	0	2	0	0	1	0	0	0	0	0	0	1	0	0	0	0	0	0	0	1	0	0	1	0	5	34	0	0	39	10	39	8	0	57	11	34	11	0	56	8	26	10	0	44	DSC_0404	2,043		FALSE	offspring	NA	NA	NA	NA	NA	NA	NA	praehirsuta
NA	O80-4	5368	M18-6	26/06/2024	29/08/2024	M	praehirsuta	0	1	0	1	0	0	0	1	3	0	0	0	1	0	0	0	0	0	1	0	0	0	0	0	0	0	2	0	0	2	0	9	33	1	0	43	11	>35	9	0	55	11	39	8	0	58	7	28	11	0	46	DSC_0407	2,219		FALSE	offspring	NA	NA	NA	NA	NA	NA	NA	praehirsuta
NA	O81-3	5372	M20-6	26/06/2024	29/08/2024	F	NA	0	1	0	0	0	0	0	0	1	0	0	0	1	0	0	0	0	NA	1	0	0	0	0	0	0	NA	NA	NA	NA	NA	0	NA	NA	NA	NA	NA	NA	NA	NA	NA	NA	NA	NA	NA	NA	NA	NA	NA	NA	NA	NA	DSC_0411	2,456		FALSE	offspring	NA	NA	NA	NA	NA	NA	NA	praehirsuta
NA	O81-4	5373	M20-6	26/06/2024	29/08/2024	F	NA	0	1	0	0	0	0	0	0	1	0	0	0	1	0	0	0	0	NA	1	0	0	0	0	0	0	NA	NA	NA	NA	NA	0	NA	NA	NA	NA	NA	NA	NA	NA	NA	NA	NA	NA	NA	NA	NA	NA	NA	NA	NA	NA	DSC_0412	2,917		FALSE	offspring	NA	NA	NA	NA	NA	NA	NA	praehirsuta
NA	O82-2	5377	M20-6	26/06/2024	29/08/2024	M	praehirsuta	0	1	0	0	0	0	0	0	1	0	0	0	1	0	0	0	0	0	1	0	0	0	0	0	0	0	0	0	0	0	0	8	42	1	0	51	10	37	7	0	54	15	38	10	0	63	10	32	7	0	49	DSC_0416	2,252		FALSE	offspring	NA	NA	NA	NA	NA	NA	NA	praehirsuta
NA	O83-1	5381	M20-6	26/06/2024	29/08/2024	M	praehirsuta	1	0	0	0	0	0	0	0	1	0	0	1	0	0	0	0	0	1	1	0	0	0	0	0	0	0	1	0	0	1	0	7	46	5	0	58	10	35	8	0	53	16	34	13	0	63	9	29	10	0	48	DSC_0420	2,166		FALSE	offspring	NA	NA	NA	NA	NA	NA	NA	praehirsuta
NA	O83-3	5383	M20-6	26/06/2024	29/08/2024	M	praehirsuta	1	0	0	0	0	0	0	0	1	0	0	0	1	0	0	0	0	0	1	NA	NA	NA	NA	NA	NA	NA	NA	NA	NA	NA	NA	NA	NA	NA	NA	NA	NA	NA	NA	NA	NA	NA	NA	NA	NA	NA	NA	NA	NA	NA	NA	DSC_0422	1,998	Curled up, not phenotyped but praehirsuta like the others	FALSE	offspring	NA	NA	NA	NA	NA	NA	NA	praehirsuta
NA	O84-1	5385	M20-6	26/06/2024	29/08/2024	M	praehirsuta	1	0	0	0	0	0	0	0	1	0	0	0	1	0	0	0	0	0	1	0	0	0	0	0	0	0	0	0	0	0	0	10	35	0	0	45	10	28	8	0	46	12	29	8	0	49	10	20	6	0	36	DSC_0424	2,003		FALSE	offspring	NA	NA	NA	NA	NA	NA	NA	praehirsuta
NA	O84-2	5386	M20-6	26/06/2024	29/08/2024	M	praehirsuta	0	1	0	0	0	0	0	0	1	0	0	0	1	0	0	0	0	0	1	0	0	0	0	0	0	0	0	0	0	0	0	4	34	0	0	38	6	27	4	0	37	8	28	6	0	42	9	21	8	0	38	DSC_0425	1,961		FALSE	offspring	NA	NA	NA	NA	NA	NA	NA	praehirsuta
NA	O84-6	5389	M20-6	26/06/2024	29/08/2024	F	NA	0	1	0	0	0	0	0	0	1	0	0	0	1	0	0	0	0	NA	1	0	0	0	0	0	0	NA	NA	NA	NA	NA	0	NA	NA	NA	NA	NA	NA	NA	NA	NA	NA	NA	NA	NA	NA	NA	NA	NA	NA	NA	NA	DSC_0428	2,689		FALSE	offspring	NA	NA	NA	NA	NA	NA	NA	praehirsuta
NA	O110-1	5403	M12-6	01/07/2024	30/08/2024	M	forsmani	1	1	1	0	0	0	0	0	3	0	1	2	0	0	0	0	0	0	3	0	0	0	0	0	0	0	0	0	0	0	0	0	0	0	0	0	0	0	0	0	0	0	0	0	0	0	0	0	0	0	0	DSC_0429	2,133		FALSE	offspring	NA	NA	NA	NA	NA	NA	NA	forsmani
NA	O110-4	5406	M12-6	01/07/2024	30/08/2024	M	forsmani	1	2	0	0	0	0	0	0	3	0	1	1	1	0	0	0	0	0	3	0	0	0	0	0	0	0	0	0	0	0	0	0	0	0	0	0	0	0	0	0	0	0	0	0	0	0	0	0	0	0	0	DSC_0432	2,118		FALSE	offspring	NA	NA	NA	NA	NA	NA	NA	forsmani
NA	O110-5	5407	M12-6	01/07/2024	30/08/2024	M	forsmani	1	1	0	0	0	0	0	0	2	0	1	1	0	0	0	0	0	0	2	0	0	0	1	0	1	0	0	0	0	0	0	0	0	0	0	0	0	0	0	0	0	0	0	0	0	0	0	0	0	0	0	DSC_0433	2,136		FALSE	offspring	NA	NA	NA	NA	NA	NA	NA	forsmani
NA	O110-6	5408	M12-6	01/07/2024	30/08/2024	M	forsmani	0	2	0	0	0	0	0	0	2	0	1	0	2	0	0	0	0	0	3	0	0	0	0	0	0	0	0	0	0	0	0	0	0	0	0	0	0	0	0	0	0	0	0	0	0	0	0	0	0	0	0	DSC_0434	2,148		FALSE	offspring	NA	NA	NA	NA	NA	NA	NA	forsmani
NA	O111-3	5410	M12-6	01/07/2024	30/08/2024	F	NA	0	1	0	0	0	0	0	0	1	0	1	0	0	0	0	0	0	NA	1	0	0	0	1	0	1	NA	NA	NA	NA	NA	0	NA	NA	NA	NA	NA	NA	NA	NA	NA	NA	NA	NA	NA	NA	NA	NA	NA	NA	NA	NA	DSC_0436	2,766		FALSE	offspring	NA	NA	NA	NA	NA	NA	NA	forsmani
NA	O111-6	5413	M12-6	01/07/2024	30/08/2024	F	NA	0	1	0	0	0	0	0	0	1	0	0	1	0	0	0	0	0	NA	1	0	0	0	0	0	0	NA	NA	NA	NA	NA	0	NA	NA	NA	NA	NA	NA	NA	NA	NA	NA	NA	NA	NA	NA	NA	NA	NA	NA	NA	NA	DSC_0439	2,484		FALSE	offspring	NA	NA	NA	NA	NA	NA	NA	forsmani
NA	O112-3	5415	M12-6	01/07/2024	30/08/2024	M	forsmani	2	0	0	0	0	0	0	0	2	1	0	1	1	0	0	0	0	0	3	0	0	1	0	0	1	0	0	0	0	0	0	0	0	0	0	0	0	0	0	0	0	0	0	0	0	0	0	0	0	0	0	DSC_0441	2,312		FALSE	offspring	NA	NA	NA	NA	NA	NA	NA	forsmani
NA	O113-1	5419	M12-6	01/07/2024	30/08/2024	M	forsmani	1	2	0	0	0	1	0	0	4	0	1	0	1	0	0	0	0	0	2	0	0	0	0	0	0	0	0	0	0	0	0	0	0	0	0	0	0	0	0	0	0	0	0	0	0	0	0	0	0	0	0	DSC_0445	2,089		FALSE	offspring	NA	NA	NA	NA	NA	NA	NA	forsmani
NA	O113-2	5420	M12-6	01/07/2024	30/08/2024	M	forsmani	1	1	0	0	0	1	0	0	3	0	1	0	2	0	0	0	0	0	3	0	0	0	1	0	1	0	0	0	0	0	0	0	0	0	0	0	0	0	0	0	0	0	0	0	0	0	0	0	0	0	0	DSC_0446	2,337		FALSE	offspring	NA	NA	NA	NA	NA	NA	NA	forsmani
NA	O113-3	5421	M12-6	01/07/2024	30/08/2024	F	NA	0	1	0	0	0	0	0	0	1	0	0	1	0	0	0	0	0	NA	1	0	0	0	0	0	0	NA	NA	NA	NA	NA	0	NA	NA	NA	NA	NA	NA	NA	NA	NA	NA	NA	NA	NA	NA	NA	NA	NA	NA	NA	NA	DSC_0447	2,513		FALSE	offspring	NA	NA	NA	NA	NA	NA	NA	forsmani
NA	O86-2	5428	M23-6	26/06/2024	30/08/2024	M	forsmani	0	1	1	0	0	0	0	0	2	0	1	1	0	0	0	0	0	0	2	0	0	0	0	0	0	0	0	0	0	0	0	0	0	0	0	0	0	0	0	0	0	0	0	0	0	0	0	0	0	0	0	DSC_0457	2,279	Slightly bent on photo	FALSE	offspring	NA	NA	NA	NA	NA	NA	NA	forsmani
NA	O86-4	5429	M23-6	26/06/2024	30/08/2024	F	NA	0	1	0	0	0	0	0	0	1	0	1	0	0	0	0	0	0	NA	1	0	0	0	0	0	0	NA	NA	NA	NA	NA	0	NA	NA	NA	NA	NA	NA	NA	NA	NA	NA	NA	NA	NA	NA	NA	NA	NA	NA	NA	NA	DSC_0458	3,002		FALSE	offspring	NA	NA	NA	NA	NA	NA	NA	forsmani
NA	O119-3	5457	M10-1	03/07/2024	02/09/2024	M	praehirsuta	1	0	0	0	0	0	0	0	1	0	0	1	0	0	0	0	0	0	1	0	0	0	0	0	0	0	2	0	0	2	0	11	35	3	0	49	10	30	9	0	49	11	31	9	0	51	12	25	8	0	45	DSC_0482	1,932	Long setae, hard to count, hybrid brood?	FALSE	offspring	NA	NA	NA	NA	NA	NA	NA	praehirsuta
NA	O119-6	5459	M10-1	03/07/2024	02/09/2024	M	praehirsuta	1	1	0	1	0	0	0	0	3	0	0	1	0	0	0	0	0	0	1	0	0	0	0	0	0	0	2	0	0	2	0	14	>37	2	0	53	14	>35	6	0	55	14	40	9	0	63	14	23	10	0	47	DSC_0484	2,047		FALSE	offspring	NA	NA	NA	NA	NA	NA	NA	praehirsuta
NA	O125-2	5475	M13-1	01/07/2024	02/09/2024	M	forsmani	1	2	0	0	0	0	0	0	3	0	1	2	0	0	0	0	0	0	3	0	0	0	0	0	0	0	0	0	0	0	0	0	0	0	0	0	0	0	0	0	0	0	0	0	0	0	0	0	0	0	0	DSC_0502	2,194		FALSE	offspring	NA	NA	NA	NA	NA	NA	NA	forsmani
NA	O125-3	5476	M13-1	01/07/2024	NA	M	NA	0	1	2	0	0	0	0	0	3	0	1	0	1	0	0	0	0	0	2	NA	NA	NA	NA	NA	NA	NA	NA	NA	NA	NA	NA	NA	NA	NA	NA	NA	NA	NA	NA	NA	NA	NA	NA	NA	NA	NA	NA	NA	NA	NA	NA	DSC_0503	1,826	Processed dead, uncertain phenotype	FALSE	offspring	NA	NA	NA	NA	NA	NA	NA	forsmani
NA	O87-4	5491	M23-6	26/06/2024	NA	F	NA	0	1	0	0	0	0	0	0	1	0	1	0	0	0	0	0	0	NA	1	0	0	0	0	0	0	NA	NA	NA	NA	NA	0	NA	NA	NA	NA	NA	NA	NA	NA	NA	NA	NA	NA	NA	NA	NA	NA	NA	NA	NA	NA	DSC_0519	3,096	processed dead, squashed	FALSE	offspring	NA	NA	NA	NA	NA	NA	NA	forsmani
NA	O129-5	5502	M21-1	05/07/2024	NA	M	praehirsuta	NA	NA	NA	NA	NA	NA	NA	NA	NA	NA	NA	NA	NA	NA	NA	NA	NA	NA	NA	NA	NA	NA	NA	NA	NA	NA	NA	NA	NA	NA	NA	NA	NA	NA	NA	NA	NA	NA	NA	NA	NA	NA	NA	NA	NA	NA	NA	NA	NA	NA	NA	DSC_0530	1,949	Processed dead, not phenotyped, classic praehirsuta, bent on photo	FALSE	offspring	NA	NA	NA	NA	NA	NA	NA	praehirsuta
NA	O133-4	5514	M21-6	05/07/2024	03/09/2024	M	praehirsuta	1	0	0	0	0	0	0	0	1	0	0	0	1	0	0	0	0	0	1	0	0	0	0	0	0	0	0	0	0	0	0	9	30	0	0	39	11	33	3	0	47	8	29	7	0	44	10	23	5	0	38	DSC_0542	1,96		FALSE	offspring	NA	NA	NA	NA	NA	NA	NA	praehirsuta
NA	O137-4	5526	M22-1	05/07/2024	NA	M	praehirsuta	NA	NA	NA	NA	NA	NA	NA	NA	NA	NA	NA	NA	NA	NA	NA	NA	NA	NA	NA	NA	NA	NA	NA	NA	NA	NA	NA	NA	NA	NA	NA	NA	NA	NA	NA	NA	NA	NA	NA	NA	NA	NA	NA	NA	NA	NA	NA	NA	NA	NA	NA	DSC_0555	1,894	Processed dead, was in contact with O137-2 and O137-3	FALSE	offspring	NA	NA	NA	NA	NA	NA	NA	praehirsuta
NA	O151-3	5589	M9-6	10/07/2024	06/09/2024	NA	NA	0	1	0	0	0	0	0	0	1	0	0	1	0	0	0	0	0	NA	1	0	0	0	0	0	0	NA	NA	NA	NA	NA	0	NA	NA	NA	NA	NA	NA	NA	NA	NA	NA	NA	NA	NA	NA	NA	NA	NA	NA	NA	NA	DSC_0607	2,105	Small	FALSE	offspring	NA	NA	NA	NA	NA	NA	NA	forsmani
NA	O151-5	5591	M9-6	10/07/2024	06/09/2024	F	NA	0	1	0	0	0	0	0	0	1	0	1	0	0	0	0	0	0	NA	1	0	0	0	0	0	0	NA	NA	NA	NA	NA	0	NA	NA	NA	NA	NA	NA	NA	NA	NA	NA	NA	NA	NA	NA	NA	NA	NA	NA	NA	NA	DSC_0609	2,539		FALSE	offspring	NA	NA	NA	NA	NA	NA	NA	forsmani
NA	O152-1	5593	M9-6	10/07/2024	06/09/2024	F	NA	0	0	1	0	0	0	0	0	1	0	0	1	0	0	0	0	0	NA	1	0	0	0	0	0	0	NA	NA	NA	NA	NA	0	NA	NA	NA	NA	NA	NA	NA	NA	NA	NA	NA	NA	NA	NA	NA	NA	NA	NA	NA	NA	DSC_0611	2,088		FALSE	offspring	NA	NA	NA	NA	NA	NA	NA	forsmani
NA	O152-2	5594	M9-6	10/07/2024	06/09/2024	M	forsmani	1	2	0	0	0	0	0	0	3	1	1	1	0	0	0	0	0	0	3	0	0	0	1	0	1	0	0	0	0	0	0	0	0	0	0	0	0	0	0	0	0	0	0	0	0	0	0	0	0	0	0	DSC_0612	1,915		FALSE	offspring	NA	NA	NA	NA	NA	NA	NA	forsmani
NA	O152-3	5595	M9-6	10/07/2024	06/09/2024	F	NA	0	1	0	0	0	0	0	0	1	0	1	0	0	0	0	0	0	NA	1	0	0	0	0	0	0	NA	NA	NA	NA	NA	0	NA	NA	NA	NA	NA	NA	NA	NA	NA	NA	NA	NA	NA	NA	NA	NA	NA	NA	NA	NA	DSC_0613	2,217		FALSE	offspring	NA	NA	NA	NA	NA	NA	NA	forsmani
NA	O152-5	5597	M9-6	10/07/2024	06/09/2024	F	NA	0	1	0	0	0	0	0	0	1	0	1	0	0	0	0	0	0	NA	1	0	0	0	0	0	0	NA	NA	NA	NA	NA	0	NA	NA	NA	NA	NA	NA	NA	NA	NA	NA	NA	NA	NA	NA	NA	NA	NA	NA	NA	NA	DSC_0615	2,454		FALSE	offspring	NA	NA	NA	NA	NA	NA	NA	forsmani
NA	O152-6	5598	M9-6	10/07/2024	06/09/2024	F	NA	0	1	0	0	0	0	0	0	1	0	1	0	0	0	0	0	0	NA	1	0	0	0	0	0	0	NA	NA	NA	NA	NA	0	NA	NA	NA	NA	NA	NA	NA	NA	NA	NA	NA	NA	NA	NA	NA	NA	NA	NA	NA	NA	DSC_0616	2,924	Bubble on one end	FALSE	offspring	NA	NA	NA	NA	NA	NA	NA	forsmani
NA	O153-2	5600	M9-6	10/07/2024	06/09/2024	M	forsmani	1	1	0	0	0	0	0	0	2	1	0	0	1	0	0	0	0	0	2	0	0	0	0	0	0	0	0	0	0	0	0	0	0	0	0	0	0	0	0	0	0	0	0	0	0	0	0	0	0	0	0	DSC_0618	1,765	Bent on photo	FALSE	offspring	NA	NA	NA	NA	NA	NA	NA	forsmani
NA	O154-2	5604	M9-6	10/07/2024	06/09/2024	NA	NA	1	2	0	0	0	0	0	0	3	1	0	1	1	0	0	0	0	NA	3	0	0	0	0	0	0	NA	NA	NA	NA	NA	0	NA	NA	NA	NA	NA	NA	NA	NA	NA	NA	NA	NA	NA	NA	NA	NA	NA	NA	NA	NA	DSC_0622	2,192		FALSE	offspring	NA	NA	NA	NA	NA	NA	NA	forsmani
NA	O155-1	5605	M11-6	10/07/2024	09/09/2024	F	NA	0	1	0	0	0	0	0	0	1	0	1	0	0	0	0	0	0	NA	1	0	0	0	0	0	0	NA	NA	NA	NA	NA	0	NA	NA	NA	NA	NA	NA	NA	NA	NA	NA	NA	NA	NA	NA	NA	NA	NA	NA	NA	NA	DSC_0623	2,662		FALSE	offspring	NA	NA	NA	NA	NA	NA	NA	forsmani
NA	O155-3	5607	M11-6	10/07/2024	09/09/2024	M	NA	0	1	0	0	0	0	0	0	1	0	1	0	1	0	0	0	0	0	2	0	0	0	0	0	0	0	0	0	0	0	0	0	0	0	0	0	0	0	0	0	0	0	0	0	0	0	0	0	0	0	0	DSC_0625	1,867	Small male	FALSE	offspring	NA	NA	NA	NA	NA	NA	NA	forsmani
NA	O156-1	5610	M11-6	10/07/2024	09/09/2024	F	NA	0	1	0	0	0	0	0	0	1	0	1	0	0	0	0	0	0	NA	1	0	0	0	0	0	0	NA	NA	NA	NA	NA	0	NA	NA	NA	NA	NA	NA	NA	NA	NA	NA	NA	NA	NA	NA	NA	NA	NA	NA	NA	NA	DSC_0628	2,497		FALSE	offspring	NA	NA	NA	NA	NA	NA	NA	forsmani
NA	O157-1	5614	M11-6	10/07/2024	09/09/2024	F	NA	0	0	1	0	0	0	0	0	1	0	0	1	0	0	0	0	0	NA	1	0	0	0	0	0	0	NA	NA	NA	NA	NA	0	NA	NA	NA	NA	NA	NA	NA	NA	NA	NA	NA	NA	NA	NA	NA	NA	NA	NA	NA	NA	DSC_0632	2,111	Small	FALSE	offspring	NA	NA	NA	NA	NA	NA	NA	forsmani
NA	O157-4	5617	M11-6	10/07/2024	09/09/2024	F	NA	0	1	0	0	0	0	0	0	1	0	0	1	0	0	0	0	0	NA	1	0	0	0	0	0	0	NA	NA	NA	NA	NA	0	NA	NA	NA	NA	NA	NA	NA	NA	NA	NA	NA	NA	NA	NA	NA	NA	NA	NA	NA	NA	DSC_0635	2,269	Small	FALSE	offspring	NA	NA	NA	NA	NA	NA	NA	forsmani
NA	O157-5	5618	M11-6	10/07/2024	09/09/2024	NA	NA	NA	NA	NA	NA	NA	NA	NA	NA	NA	NA	NA	NA	NA	NA	NA	NA	NA	NA	NA	NA	NA	NA	NA	NA	NA	NA	NA	NA	NA	NA	NA	NA	NA	NA	NA	NA	NA	NA	NA	NA	NA	NA	NA	NA	NA	NA	NA	NA	NA	NA	NA	DSC_0636	1,738	Not phenotyped, too small	FALSE	offspring	NA	NA	NA	NA	NA	NA	NA	forsmani
NA	O159-1	5621	M14-6	10/07/2024	09/09/2024	F	NA	0	1	0	0	0	0	0	0	1	0	1	0	0	0	0	0	0	NA	1	0	0	0	0	0	0	NA	NA	NA	NA	NA	0	NA	NA	NA	NA	NA	NA	NA	NA	NA	NA	NA	NA	NA	NA	NA	NA	NA	NA	NA	NA	DSC_0639	2,932	Was in contact with O159-4 (male)	FALSE	offspring	NA	NA	NA	NA	NA	NA	NA	forsmani
NA	O159-4	5624	M14-6	10/07/2024	09/09/2024	M	forsmani	0	1	1	1	0	0	0	0	3	0	1	1	1	0	0	0	0	0	3	0	0	0	0	0	0	0	0	0	0	0	0	0	0	0	0	0	0	0	0	0	0	0	0	0	0	0	0	0	0	0	0	DSC_0642	2,48		FALSE	offspring	NA	NA	NA	NA	NA	NA	NA	forsmani
NA	O159-6	5625	M14-6	10/07/2024	09/09/2024	M	forsmani	0	1	2	0	0	0	0	0	3	0	1	0	1	0	0	0	0	0	2	0	0	0	0	0	0	0	0	0	0	0	0	0	0	0	0	0	0	0	1	0	1	0	0	0	0	0	0	0	0	0	0	DSC_0643	2,234	Bent on photo	FALSE	offspring	NA	NA	NA	NA	NA	NA	NA	forsmani
NA	O160-2	5626	M14-6	10/07/2024	09/09/2024	M	forsmani	1	2	0	0	0	0	0	0	3	0	1	1	1	0	0	0	0	0	3	0	0	0	0	0	0	0	0	0	0	0	0	0	0	0	0	0	0	0	0	0	0	0	0	0	0	0	0	0	0	0	0	DSC_0644-DSC_0645	2,315		FALSE	offspring	NA	NA	NA	NA	NA	NA	NA	forsmani
NA	O160-6	5629	M14-6	10/07/2024	09/09/2024	M	forsmani	1	0	1	0	0	0	0	0	2	0	1	0	1	0	0	0	0	0	2	0	0	0	0	0	0	0	0	0	0	0	0	0	0	0	0	0	0	0	0	0	0	0	0	0	0	0	0	0	0	0	0	DSC_0648	2,274	1 curved setae on P7	FALSE	offspring	NA	NA	NA	NA	NA	NA	NA	forsmani
NA	O161-2	5631	M14-6	10/07/2024	09/09/2024	M	forsmani	1	1	0	0	0	0	0	0	2	1	0	0	0	0	0	0	0	0	1	0	0	0	0	0	0	0	0	0	0	0	0	0	0	0	0	0	0	0	0	0	0	0	0	0	0	0	0	0	0	0	0	DSC_0650	2,194		FALSE	offspring	NA	NA	NA	NA	NA	NA	NA	forsmani
NA	O161-5	5633	M14-6	10/07/2024	09/09/2024	M	forsmani	1	1	1	0	0	0	0	0	3	1	0	0	2	0	0	0	0	0	3	0	0	0	1	0	1	0	0	0	0	0	0	0	0	0	0	0	0	0	1	0	1	0	0	0	0	0	0	0	1	0	1	DSC_0652	2,28		FALSE	offspring	NA	NA	NA	NA	NA	NA	NA	forsmani
NA	O161-6	5634	M14-6	10/07/2024	09/09/2024	M	forsmani	1	1	0	0	0	0	0	0	2	0	1	0	2	0	0	0	0	0	3	0	0	0	0	0	0	0	0	0	0	0	0	0	0	0	0	0	0	0	1	0	1	0	0	1	0	1	0	0	0	0	0	DSC_0653	2,173		FALSE	offspring	NA	NA	NA	NA	NA	NA	NA	forsmani
NA	O162-5	5637	M14-6	10/07/2024	09/09/2024	M	forsmani	0	1	1	0	0	0	0	0	2	0	1	0	1	0	0	0	0	0	2	0	0	0	0	0	0	0	0	0	0	0	0	0	0	0	0	0	0	0	0	0	0	0	0	0	0	0	0	0	0	0	0	DSC_0656	2,284		FALSE	offspring	NA	NA	NA	NA	NA	NA	NA	forsmani
NA	O162-6	5638	M14-6	10/07/2024	09/09/2024	M	forsmani	0	1	2	0	0	0	0	0	3	0	1	0	2	0	0	0	0	0	3	0	0	0	0	0	0	0	0	0	0	0	0	0	0	0	0	0	0	0	0	0	0	0	0	0	0	0	0	0	1	0	1	DSC_0657	1,938		FALSE	offspring	NA	NA	NA	NA	NA	NA	NA	forsmani
NA	O163-4	5641	M5-1	10/07/2024	09/09/2024	M	praehirsuta	1	0	1	1	0	0	1	0	4	0	1	0	0	0	0	0	0	1	1	0	0	0	0	0	0	0	1	0	0	1	0	9	32	2	0	43	11	35	9	0	55	11	29	9	0	49	12	18	9	0	39	DSC_0660	1,975	1 curved setae on P5, placed by default in carpus but placement not given	FALSE	offspring	NA	NA	NA	NA	NA	NA	NA	praehirsuta
NA	O164-1	5643	M5-1	10/07/2024	10/09/2024	F	NA	0	1	0	0	0	0	0	0	1	0	0	0	1	0	0	0	0	NA	1	0	0	0	0	0	0	NA	NA	NA	NA	NA	0	NA	NA	NA	NA	NA	NA	NA	NA	NA	NA	NA	NA	NA	NA	NA	NA	NA	NA	NA	NA	DSC_0662	2,594		FALSE	offspring	NA	NA	NA	NA	NA	NA	NA	praehirsuta
NA	O164-3	5645	M5-1	10/07/2024	10/09/2024	F	NA	0	1	0	0	0	0	0	0	1	0	0	0	1	0	0	0	0	NA	1	0	0	0	0	0	0	NA	NA	NA	NA	NA	0	NA	NA	NA	NA	NA	NA	NA	NA	NA	NA	NA	NA	NA	NA	NA	NA	NA	NA	NA	NA	DSC_0664	2,73		FALSE	offspring	NA	NA	NA	NA	NA	NA	NA	praehirsuta
NA	O165-2	5648	M5-1	10/07/2024	NA	M	praehirsuta	NA	NA	NA	NA	NA	NA	NA	NA	NA	NA	NA	NA	NA	NA	NA	NA	NA	NA	NA	NA	NA	NA	NA	NA	NA	NA	NA	NA	NA	NA	NA	NA	NA	NA	NA	NA	NA	NA	NA	NA	NA	NA	NA	NA	NA	NA	NA	NA	NA	NA	NA	DSC_0667	1,802	Dead, degraded	FALSE	offspring	NA	NA	NA	NA	NA	NA	NA	praehirsuta
NA	O166-1	5651	M5-1	10/07/2024	10/09/2024	F	NA	0	1	0	1	0	0	0	0	2	0	0	0	1	0	0	0	0	NA	1	0	0	0	0	0	0	NA	NA	NA	NA	NA	0	NA	NA	NA	NA	NA	NA	NA	NA	NA	NA	NA	NA	NA	NA	NA	NA	NA	NA	NA	NA	DSC_0670	2,966		FALSE	offspring	NA	NA	NA	NA	NA	NA	NA	praehirsuta
NA	O167-6	5655	M8-1	12/07/2024	NA	M	praehirsuta	NA	NA	NA	NA	NA	NA	NA	NA	NA	NA	NA	NA	NA	NA	NA	NA	NA	NA	NA	NA	NA	NA	NA	NA	NA	NA	NA	NA	NA	NA	NA	NA	NA	NA	NA	NA	NA	NA	NA	NA	NA	NA	NA	NA	NA	NA	NA	NA	NA	NA	NA	DSC_0674	1,737	Processed dead, not phenotyped, curled up, bent on photo	FALSE	offspring	NA	NA	NA	NA	NA	NA	NA	praehirsuta
NA	O169-2	5669	M6-1	17/07/2024	16/09/2024	F	NA	0	1	0	0	0	0	0	0	1	0	0	0	1	0	0	0	0	NA	1	0	0	0	0	0	0	NA	NA	NA	NA	NA	0	NA	NA	NA	NA	NA	NA	NA	NA	NA	NA	NA	NA	NA	NA	NA	NA	NA	NA	NA	NA	DSC_0676	2,132		FALSE	offspring	NA	NA	NA	NA	NA	NA	NA	praehirsuta
NA	O169-4	5670	M6-1	17/07/2024	NA	M	praehirsuta	1	0	0	0	0	0	1	0	2	0	0	1	0	0	0	0	0	0	1	0	0	0	0	0	0	0	0	0	0	0	0	9	26	1	0	36	8	20	4	0	32	10	33	5	0	48	8	16	5	0	29	DSC_0678	1,72	Processed dead	FALSE	offspring	NA	NA	NA	NA	NA	NA	NA	praehirsuta
NA	O169-6	5672	M6-1	17/07/2024	16/09/2024	F	NA	0	1	0	0	0	0	0	0	1	0	0	1	0	0	0	0	0	NA	1	0	0	0	0	0	0	NA	NA	NA	NA	NA	0	NA	NA	NA	NA	NA	NA	NA	NA	NA	NA	NA	NA	NA	NA	NA	NA	NA	NA	NA	NA	DSC_0680	2,535		FALSE	offspring	NA	NA	NA	NA	NA	NA	NA	praehirsuta
NA	O170-4	5676	M6-1	17/07/2024	16/09/2024	F	NA	0	1	0	0	0	0	0	0	1	0	0	0	1	0	0	0	0	NA	1	0	0	0	0	0	0	NA	NA	NA	NA	NA	0	NA	NA	NA	NA	NA	NA	NA	NA	NA	NA	NA	NA	NA	NA	NA	NA	NA	NA	NA	NA	DSC_0684	2,91		FALSE	offspring	NA	NA	NA	NA	NA	NA	NA	praehirsuta
NA	O170-5	5677	M6-1	17/07/2024	16/09/2024	F	NA	0	1	0	0	0	0	0	0	1	0	0	0	1	0	0	0	0	NA	1	0	0	0	0	0	0	NA	NA	NA	NA	NA	0	NA	NA	NA	NA	NA	NA	NA	NA	NA	NA	NA	NA	NA	NA	NA	NA	NA	NA	NA	NA	DSC_0685	2,829		FALSE	offspring	NA	NA	NA	NA	NA	NA	NA	praehirsuta
NA	O170-6	5678	M6-1	17/07/2024	16/09/2024	F	NA	0	1	0	0	0	0	0	0	1	0	0	0	1	0	0	0	0	NA	1	0	0	0	0	0	0	NA	NA	NA	NA	NA	0	NA	NA	NA	NA	NA	NA	NA	NA	NA	NA	NA	NA	NA	NA	NA	NA	NA	NA	NA	NA	DSC_0686	2,673		FALSE	offspring	NA	NA	NA	NA	NA	NA	NA	praehirsuta
NA	O171-4	5680	M6-1	17/07/2024	16/09/2024	F	NA	0	1	0	0	0	0	0	0	1	0	0	0	1	0	0	0	0	NA	1	0	0	0	0	0	0	NA	NA	NA	NA	NA	0	NA	NA	NA	NA	NA	NA	NA	NA	NA	NA	NA	NA	NA	NA	NA	NA	NA	NA	NA	NA	DSC_0689	2,693		FALSE	offspring	NA	NA	NA	NA	NA	NA	NA	praehirsuta
NA	O141-3	5535	M10-6	08/07/2024	05/09/2024	M	praehirsuta	1	0	1	0	0	0	0	0	2	0	1	0	0	0	0	0	0	0	1	0	0	0	0	0	0	0	1	0	0	1	0	11	37	12	0	60	13	37	6	0	56	9	32	11	0	52	10	23	8	0	41	DSC_0564	1,998		FALSE	offspring	NA	NA	NA	NA	NA	NA	NA	praehirsuta
NA	O141-4	5536	M10-6	08/07/2024	05/09/2024	M	praehirsuta	1	0	1	0	0	0	0	0	2	0	0	0	1	0	0	0	0	0	1	0	0	0	0	0	0	0	2	0	0	2	0	10	36	3	0	49	8	30	8	0	46	10	35	7	0	52	9	23	10	0	42	DSC_0565	1,737		FALSE	offspring	NA	NA	NA	NA	NA	NA	NA	praehirsuta
NA	O142-3	5539	M10-6	08/07/2024	05/09/2024	M	NA	NA	NA	NA	NA	NA	NA	NA	NA	NA	NA	NA	NA	NA	NA	NA	NA	NA	NA	NA	NA	NA	NA	NA	NA	NA	NA	NA	NA	NA	NA	NA	NA	NA	NA	NA	NA	NA	NA	NA	NA	NA	NA	NA	NA	NA	NA	NA	NA	NA	NA	NA	DSC_0568	1,789	"uncounted setae; small"	FALSE	offspring	NA	NA	NA	NA	NA	NA	NA	praehirsuta
NA	O143-6	5544	M10-6	08/07/2024	05/09/2024	M	praehirsuta	1	0	0	0	0	0	0	0	1	0	0	0	0	0	0	0	0	0	0	0	0	0	0	0	0	0	1	0	0	1	0	7	32	1	0	40	8	30	6	0	44	8	36	10	0	54	9	27	10	0	46	DSC_0573	1,921		FALSE	offspring	NA	NA	NA	NA	NA	NA	NA	praehirsuta
NA	O144-4	5547	M24-1	08/07/2024	05/09/2024	F	NA	0	1	0	0	0	0	0	0	1	0	0	1	0	0	0	0	0	NA	1	0	0	0	0	0	0	NA	NA	NA	NA	NA	0	NA	NA	NA	NA	NA	NA	NA	NA	NA	NA	NA	NA	NA	NA	NA	NA	NA	NA	NA	NA	DSC_0576	2,575	Slightly bent on photo	FALSE	offspring	NA	NA	NA	NA	NA	NA	NA	praehirsuta
NA	O145-2	5551	M24-1	08/07/2024	05/09/2024	F	NA	0	1	1	0	0	0	0	0	2	0	1	0	0	0	0	0	0	NA	1	0	0	0	0	0	0	NA	NA	NA	NA	NA	0	NA	NA	NA	NA	NA	NA	NA	NA	NA	NA	NA	NA	NA	NA	NA	NA	NA	NA	NA	NA	DSC_0580	2,746	contact between 5521 and 5522	FALSE	offspring	NA	NA	NA	NA	NA	NA	NA	praehirsuta
NA	O145-3	5552	M24-1	08/07/2024	05/09/2024	M	praehirsuta	1	0	1	1	0	0	0	0	3	0	1	0	1	0	0	0	0	0	2	0	0	0	0	0	0	0	0	0	0	0	0	10	41	0	0	51	15	41	8	0	64	16	36	9	0	61	13	27	11	0	51	DSC_0581	2,037		FALSE	offspring	NA	NA	NA	NA	NA	NA	NA	praehirsuta
NA	O146-1	5567	M24-1	08/07/2024	06/09/2024	F	NA	0	1	0	0	0	0	0	0	1	0	0	0	1	0	0	0	0	NA	1	0	0	0	0	0	0	NA	NA	NA	NA	NA	0	NA	NA	NA	NA	NA	NA	NA	NA	NA	NA	NA	NA	NA	NA	NA	NA	NA	NA	NA	NA	DSC_0585	2,704		FALSE	offspring	NA	NA	NA	NA	NA	NA	NA	praehirsuta
NA	O146-4	5569	M24-1	08/07/2024	06/09/2024	F	NA	0	1	0	1	0	0	0	0	2	0	0	0	1	0	0	0	0	NA	1	0	0	0	0	0	0	NA	NA	NA	NA	NA	0	NA	NA	NA	NA	NA	NA	NA	NA	NA	NA	NA	NA	NA	NA	NA	NA	NA	NA	NA	NA	DSC_0587	2,759		FALSE	offspring	NA	NA	NA	NA	NA	NA	NA	praehirsuta
NA	O146-6	5570	M24-1	08/07/2024	06/09/2024	F	NA	0	1	0	0	0	0	0	0	1	0	0	0	1	0	0	0	0	NA	1	0	0	0	0	0	0	NA	NA	NA	NA	NA	0	NA	NA	NA	NA	NA	NA	NA	NA	NA	NA	NA	NA	NA	NA	NA	NA	NA	NA	NA	NA	DSC_0588	2,859		FALSE	offspring	NA	NA	NA	NA	NA	NA	NA	praehirsuta
NA	O147-1	5571	M24-1	08/07/2024	06/09/2024	NA	NA	0	1	0	0	0	0	0	0	1	0	0	1	0	0	0	0	0	NA	1	0	0	0	0	0	0	NA	NA	NA	NA	NA	0	NA	NA	NA	NA	NA	NA	NA	NA	NA	NA	NA	NA	NA	NA	NA	NA	NA	NA	NA	NA	DSC_0589	2,8		FALSE	offspring	NA	NA	NA	NA	NA	NA	NA	praehirsuta
NA	O147-6	5575	M24-1	08/07/2024	06/09/2024	F	NA	0	1	0	0	0	0	0	0	1	0	0	0	1	0	0	0	0	NA	1	0	0	0	0	0	0	NA	NA	NA	NA	NA	0	NA	NA	NA	NA	NA	NA	NA	NA	NA	NA	NA	NA	NA	NA	NA	NA	NA	NA	NA	NA	DSC_0593	2,732		FALSE	offspring	NA	NA	NA	NA	NA	NA	NA	praehirsuta
E4705	Male49	4705	NA	NA	26/05/2024	M	forsmani	NA	1	2	0	NA	NA	NA	NA	3	NA	1	2	0	NA	NA	NA	NA	NA	3	NA	NA	NA	NA	NA	NA	0	0	0	NA	0	NA	0	0	0	NA	0	0	0	0	NA	0	0	0	0	NA	0	0	0	0	NA	0	DSC_0630-DSC0634	2.02	Dead in aquarium after 2 days	TRUE	parents	NA	NA	NA	NA	NA	NA	NA	forsmani
E4729	Male1	4729	NA	NA	04/06/2024	M	praehirsuta	NA	1	0	1	NA	NA	NA	NA	NA	NA	0	2	0	NA	NA	NA	NA	NA	NA	NA	NA	NA	NA	NA	NA	0	0	0	NA	0	NA	13	35	0	NA	48	10	27	6	NA	43	9	29	8	NA	46	8	20	9	NA	37	DSC_0650-DSC_0651	2.07	NA	TRUE	parents	1	NA	NA	NA	NA	NA	NA	praehirsuta
E4730	Male2	4730	NA	NA	04/06/2024	M	forsmani	NA	3	0	0	NA	NA	NA	NA	NA	NA	1	0	0	NA	NA	NA	NA	NA	NA	NA	NA	NA	NA	NA	NA	0	0	0	NA	0	NA	0	0	0	NA	0	0	0	0	NA	0	0	0	0	NA	0	0	0	0	NA	0	DSC_0652-DSC_0654	2.13	NA	TRUE	parents	1	NA	NA	NA	NA	NA	NA	forsmani
E4731	Male3	4731	NA	NA	04/06/2024	M	forsmani	NA	2	0	0	NA	NA	NA	NA	NA	NA	1	0	2	NA	NA	NA	NA	NA	NA	NA	NA	NA	NA	NA	NA	0	0	0	NA	0	NA	0	0	0	NA	0	0	0	0	NA	0	0	0	0	NA	0	0	0	0	NA	0	DSC_0655-DSC_0658	2.1	NA	TRUE	parents	0	NA	NA	NA	NA	NA	NA	forsmani
E4732	Male4	4732	NA	NA	04/06/2024	M	forsmani	NA	1	0	0	NA	NA	NA	NA	NA	NA	1	0	0	NA	NA	NA	NA	NA	NA	NA	NA	NA	NA	NA	NA	0	0	0	NA	0	NA	0	0	0	NA	0	0	0	0	NA	0	0	0	0	NA	0	0	0	0	NA	0	DSC_0659-DSC_0661	1.7	NA	TRUE	parents	0	NA	NA	NA	NA	NA	NA	forsmani
E4733	Male5	4733	NA	NA	04/06/2024	M	forsmani	NA	2	1	0	NA	NA	NA	NA	NA	NA	1	1	0	NA	NA	NA	NA	NA	NA	NA	NA	NA	NA	NA	NA	0	0	0	NA	0	NA	0	0	0	NA	0	0	0	0	NA	0	0	0	0	NA	0	0	0	0	NA	0	DSC_0662-DSC_0667	2.35	NA	TRUE	parents	1	NA	NA	NA	NA	NA	NA	forsmani
E4734	Male6	4734	NA	NA	04/06/2024	M	forsmani	NA	1	2	0	NA	NA	NA	NA	NA	NA	1	1	1	NA	NA	NA	NA	NA	NA	NA	NA	NA	NA	NA	NA	0	0	0	NA	0	NA	0	0	0	NA	0	0	0	0	NA	0	0	0	1	NA	1	0	0	2	NA	2	DSC_0668-DSC0671	2.28	NA	TRUE	parents	0	NA	NA	NA	NA	NA	NA	forsmani
E4735	Male7	4735	NA	NA	04/06/2024	M	praehirsuta	NA	1	0	0	NA	NA	NA	NA	NA	NA	2	0	0	NA	NA	NA	NA	NA	NA	NA	NA	NA	NA	NA	NA	0	0	0	NA	0	NA	7	17	1	NA	25	8	18	8	NA	34	8	29	7	NA	44	7	19	9	NA	35	DSC_0673-DSC_0675	1.92	NA	TRUE	parents	0	NA	NA	NA	NA	NA	NA	praehirsuta
E4736	Male8	4736	NA	NA	04/06/2024	M	forsmani	NA	1	0	1	NA	NA	NA	NA	NA	NA	1	0	1	NA	NA	NA	NA	NA	NA	NA	NA	NA	NA	NA	NA	0	0	0	NA	0	NA	0	0	0	NA	0	0	0	0	NA	0	0	0	0	NA	0	0	0	0	NA	0	DSC_0676-DSC_0678	2.32	NA	TRUE	parents	0	NA	NA	NA	NA	NA	NA	forsmani
E4737	Male9	4737	NA	NA	04/06/2024	M	praehirsuta	NA	2	0	1	NA	NA	NA	NA	NA	NA	0	0	1	NA	NA	NA	NA	NA	NA	NA	NA	NA	NA	NA	NA	0	0	0	NA	0	NA	12	> 40 	4	NA	> 56	14	> 30	6	NA	> 50	16	>30	12	NA	>58	9	20	5	NA	34	DSC_0679-DSC_0682	2.04	NA	TRUE	parents	0	NA	NA	NA	NA	NA	NA	praehirsuta
E4738	Male10	4738	NA	NA	04/06/2024	M	forsmani	NA	1	1	1	NA	NA	NA	NA	NA	NA	1	1	1	NA	NA	NA	NA	NA	NA	NA	NA	NA	NA	NA	NA	0	0	0	NA	0	NA	0	0	0	NA	0	0	0	0	NA	0	0	0	0	NA	0	0	0	0	NA	0	DSC_0683-DSC_0684	2.59	NA	TRUE	parents	0	NA	NA	NA	NA	NA	NA	forsmani
E4739	Male11	4739	NA	NA	04/06/2024	M	praehirsuta	NA	1	0	0	NA	NA	NA	NA	NA	NA	0	0	1	NA	NA	NA	NA	NA	NA	NA	NA	NA	NA	NA	NA	0	0	0	NA	0	NA	5	23	2	NA	30	7	>30	6	NA	>43	6	29	11	NA	46	8	24	7	NA	39	DSC_0685-DSC_0686	1.72	NA	TRUE	parents	0	NA	NA	NA	NA	NA	NA	praehirsuta
E4740	Male12	4740	NA	NA	04/06/2024	M	praehirsuta	NA	1	1	0	NA	NA	NA	NA	NA	NA	0	0	2	NA	NA	NA	NA	NA	NA	NA	NA	NA	NA	NA	NA	0	0	2	NA	2	NA	12	>30	7	NA	>59	12	>30	11	NA	>53	15	>30	11	NA	>56	10	24	8	NA	42	DSC_0657-DSC_0689	2	NA	TRUE	parents	0	NA	NA	NA	NA	NA	NA	praehirsuta
E4741	Male13	4741	NA	NA	04/06/2024	M	forsmani	NA	1	2	0	NA	NA	NA	NA	NA	NA	1	1	1	NA	NA	NA	NA	NA	NA	NA	NA	NA	NA	NA	NA	0	0	0	NA	0	NA	0	0	0	NA	0	0	0	0	NA	0	0	0	2	NA	2	0	0	2	NA	2	DSC_0690-DSC_0692	2.31	NA	TRUE	parents	0	NA	NA	NA	NA	NA	NA	forsmani
E4742	Male14	4742	NA	NA	04/06/2024	M	praehirsuta	NA	1	0	1	NA	NA	NA	NA	NA	NA	0	0	1	NA	NA	NA	NA	NA	NA	NA	NA	NA	NA	NA	NA	0	0	0	NA	0	NA	19	>30	3	NA	>52	20	>30	12	NA	>62	11	>30	21	NA	>62	19	>40	12	NA	>71	DSC_0693-DSC_0695	2.09	NA	TRUE	parents	0	NA	NA	NA	NA	NA	NA	praehirsuta
E4743	Male15	4743	NA	NA	04/06/2024	M	praehirsuta	NA	0	1	1	NA	NA	NA	NA	NA	NA	0	0	1	NA	NA	NA	NA	NA	NA	NA	NA	NA	NA	NA	NA	0	0	0	NA	0	NA	6	>25	4	NA	>35	8	>25	8	NA	>41	7	>25	13	NA	>45	5	17	8	NA	30	DSC_0696-DSC_0698	1.66	NA	TRUE	parents	0	NA	NA	NA	NA	NA	NA	praehirsuta
E4744	Male16	4744	NA	NA	04/06/2024	M	forsmani	NA	1	2	0	NA	NA	NA	NA	NA	NA	1	1	1	NA	NA	NA	NA	NA	NA	NA	NA	NA	NA	NA	NA	0	0	0	NA	0	NA	0	0	0	NA	0	0	0	0	NA	0	0	0	0	NA	0	0	0	0	NA	0	DSC_0699-DSC_0700	2.14	NA	TRUE	parents	0	NA	NA	NA	NA	NA	NA	forsmani
E4745	Male17	4745	NA	NA	04/06/2024	M	praehirsuta	NA	1	1	0	NA	NA	NA	NA	NA	NA	0	1	0	NA	NA	NA	NA	NA	NA	NA	NA	NA	NA	NA	NA	0	0	0	NA	0	NA	11	>25	4	NA	>40	7	>25	9	NA	>41	12	>25	13	NA	>50	13	>25	10	NA	>48	DSC_0701-DSC_0702	2.11	NA	TRUE	parents	0	NA	NA	NA	NA	NA	NA	praehirsuta
E4746	Male18	4746	NA	NA	04/06/2024	M	praehirsuta	NA	2	0	0	NA	NA	NA	NA	NA	NA	0	1	1	NA	NA	NA	NA	NA	NA	NA	NA	NA	NA	NA	NA	0	0	0	NA	0	NA	8	>25	6	NA	>39	10	>25	7	NA	>42	8	>25	6	NA	>39	10	21	5	NA	36	DSC_0703-DSC_0706	2.01	NA	TRUE	parents	1	NA	NA	NA	NA	NA	NA	praehirsuta
E4747	Male19	4747	NA	NA	04/06/2024	M	praehirsuta	NA	1	0	1	NA	NA	NA	NA	NA	NA	0	0	1	NA	NA	NA	NA	NA	NA	NA	NA	NA	NA	NA	NA	0	0	0	NA	0	NA	5	24	4	NA	33	11	>25	10	NA	>46	13	>25	6	NA	>44	9	19	6	NA	34	DSC_0707-DSC_0709	1.95	NA	TRUE	parents	0	NA	NA	NA	NA	NA	NA	praehirsuta
E4748	Male20	4748	NA	NA	04/06/2024	M	praehirsuta	NA	1	0	1	NA	NA	NA	NA	NA	NA	0	0	2	NA	NA	NA	NA	NA	NA	NA	NA	NA	NA	NA	NA	0	0	0	NA	0	NA	12	>25	4	NA	>41	19	>25	10	NA	>54	13	>25	11	NA	>49	6	20	5	NA	31	DSC_0710-DSC_0712	1.92	NA	TRUE	parents	0	NA	NA	NA	NA	NA	NA	praehirsuta
E4749	Male21	4749	NA	NA	04/06/2024	M	praehirsuta	NA	0	1	0	NA	NA	NA	NA	NA	NA	0	0	1	NA	NA	NA	NA	NA	NA	NA	NA	NA	NA	NA	NA	0	0	0	NA	0	NA	7	>25	0	NA	>32	15	>25	6	NA	>46	16	>25	7	NA	>48	12	18	4	NA	34	DSC_0713-DSC_0714	1.99	NA	TRUE	parents	0	NA	NA	NA	NA	NA	NA	praehirsuta
E4750	Male22	4750	NA	NA	05/06/2024	M	forsmani	NA	1	2	0	NA	NA	NA	NA	NA	NA	1	0	2	NA	NA	NA	NA	NA	NA	NA	NA	NA	NA	NA	NA	0	0	0	NA	0	NA	0	0	0	NA	0	0	0	0	NA	0	0	0	0	NA	0	0	0	0	NA	0	DSC_0715-DSC_0717	2.26	NA	TRUE	parents	1	NA	NA	NA	NA	NA	NA	forsmani
E4751	Male23	4751	NA	NA	05/06/2024	M	forsmani	NA	1	2	0	NA	NA	NA	NA	NA	NA	1	1	1	NA	NA	NA	NA	NA	NA	NA	NA	NA	NA	NA	NA	0	0	0	NA	0	NA	0	0	0	NA	0	0	0	0	NA	0	0	0	0	NA	0	0	0	0	NA	0	DSC_0718-DSC_0719	2.33	NA	TRUE	parents	1	NA	NA	NA	NA	NA	NA	forsmani
E4752	Male24	4752	NA	NA	05/06/2024	M	praehirsuta	NA	1	1	0	NA	NA	NA	NA	NA	NA	0	1	0	NA	NA	NA	NA	NA	NA	NA	NA	NA	NA	NA	NA	0	0	0	NA	0	NA	12	>25	2	NA	>39	21	>30	9	NA	>60	18	>25	9	NA	>52	15	>25	10	NA	>50	DSC_0720-DSC_0722	2.19	NA	TRUE	parents	1	NA	NA	NA	NA	NA	NA	praehirsuta
E4753	Male25	4753	NA	NA	05/06/2024	M	praehirsuta	NA	1	0	1	NA	NA	NA	NA	NA	NA	0	0	1	NA	NA	NA	NA	NA	NA	NA	NA	NA	NA	NA	NA	0	0	0	NA	0	NA	7	>25	0	NA	>32	5	>25	7	NA	>37	9	>25	11	NA	>45	9	23	3	NA	35	DSC_0723-DSC_0725	1.83	NA	TRUE	parents	1	NA	NA	NA	NA	NA	NA	praehirsuta
E4754	Male26	4754	NA	NA	05/06/2024	M	praehirsuta	NA	1	1	0	NA	NA	NA	NA	NA	NA	0	2	0	NA	NA	NA	NA	NA	NA	NA	NA	NA	NA	NA	NA	0	0	0	NA	0	NA	15	>25	3	NA	>43	17	>25	9	NA	>51	15	>25	7	NA	>47	19	>25	11	NA	>55	DSC_0726-DSC_0728	1.94	NA	TRUE	parents	1	NA	NA	NA	NA	NA	NA	praehirsuta
E4755	Male27	4755	NA	NA	05/06/2024	M	praehirsuta	NA	1	0	0	NA	NA	NA	NA	NA	NA	0	0	1	NA	NA	NA	NA	NA	NA	NA	NA	NA	NA	NA	NA	0	0	0	NA	0	NA	5	>25	1	NA	>31	9	>25	4	NA	>38	5	20	6	NA	31	11	>25	4	NA	>40	DSC_0729-DSC_0732	1.9	NA	TRUE	parents	0	NA	NA	NA	NA	NA	NA	praehirsuta
E4756	Male28	4756	NA	NA	05/06/2024	M	forsmani	NA	2	1	0	NA	NA	NA	NA	NA	NA	0	1	2	NA	NA	NA	NA	NA	NA	NA	NA	NA	NA	NA	NA	0	0	0	NA	0	NA	0	0	0	NA	0	0	0	0	NA	0	0	0	0	NA	0	0	0	0	NA	0	DSC_0733-DSC_0735	2.01	NA	TRUE	parents	0	NA	NA	NA	NA	NA	NA	forsmani
E4757	Male29	4757	NA	NA	05/06/2024	M	forsmani	NA	1	0	2	NA	NA	NA	NA	NA	NA	1	0	1	NA	NA	NA	NA	NA	NA	NA	NA	NA	NA	NA	NA	0	0	0	NA	0	NA	0	0	0	NA	0	0	0	0	NA	0	0	0	0	NA	0	0	0	0	NA	0	DSC_0736-DSC_0738	2.12	NA	TRUE	parents	1	NA	NA	NA	NA	NA	NA	forsmani
E4758	Male30	4758	NA	NA	05/06/2024	M	praehirsuta	NA	2	0	1	NA	NA	NA	NA	NA	NA	0	1	0	NA	NA	NA	NA	NA	NA	NA	NA	NA	NA	NA	NA	0	0	0	NA	0	NA	12	>25	0	NA	>37	8	>25	6	NA	>39	15	>25	8	NA	>48	14	>25	8	NA	>47	DSC_0739-DSC_0741	2	NA	TRUE	parents	1	NA	NA	NA	NA	NA	NA	praehirsuta
E4759	Male31	4759	NA	NA	05/06/2024	M	forsmani	NA	1	1	1	NA	NA	NA	NA	NA	NA	0	1	1	NA	NA	NA	NA	NA	NA	NA	NA	NA	NA	NA	NA	0	0	0	NA	0	NA	0	0	0	NA	0	0	0	0	NA	0	0	0	0	NA	0	0	0	0	NA	0	DSC_0742-DSC_0745	2.06	NA	TRUE	parents	1	NA	NA	NA	NA	NA	NA	forsmani
E4760	Male32	4760	NA	NA	05/06/2024	M	forsmani	NA	1	2	0	NA	NA	NA	NA	NA	NA	1	1	0	NA	NA	NA	NA	NA	NA	NA	NA	NA	NA	NA	NA	0	0	0	NA	0	NA	0	0	0	NA	0	0	0	0	NA	0	0	0	1	NA	1	0	0	0	NA	0	DSC_0746-DSC_0748	2.31	NA	TRUE	parents	0	NA	NA	NA	NA	NA	NA	forsmani
E4761	Male33	4761	NA	NA	05/06/2024	M	forsmani	NA	1	1	0	NA	NA	NA	NA	NA	NA	1	1	1	NA	NA	NA	NA	NA	NA	NA	NA	NA	NA	NA	NA	0	0	0	NA	0	NA	0	0	0	NA	0	0	0	0	NA	0	0	0	0	NA	0	0	0	0	NA	0	DSC_0750-DSC_0752	2.21	NA	TRUE	parents	1	NA	NA	NA	NA	NA	NA	forsmani
E4762	Male34	4762	NA	NA	05/06/2024	M	forsmani	NA	1	2	0	NA	NA	NA	NA	NA	NA	0	1	1	NA	NA	NA	NA	NA	NA	NA	NA	NA	NA	NA	NA	0	0	0	NA	0	NA	0	0	0	NA	0	0	0	0	NA	0	0	0	0	NA	0	0	0	2	NA	2	DSC_0753-DSC_0756	2.24	NA	TRUE	parents	0	NA	NA	NA	NA	NA	NA	forsmani
E4763	Male35	4763	NA	NA	05/06/2024	M	praehirsuta	NA	0	1	1	NA	NA	NA	NA	NA	NA	0	0	1	NA	NA	NA	NA	NA	NA	NA	NA	NA	NA	NA	NA	0	0	0	NA	0	NA	12	>25	0	NA	>37	9	>25	9	NA	>43	10	>25	8	NA	>43	12	23	8	NA	43	DSC_0757-DSC_0759	1.82	NA	TRUE	parents	0	NA	NA	NA	NA	NA	NA	praehirsuta
E4764	Male36	4764	NA	NA	05/06/2024	M	praehirsuta	NA	1	1	0	NA	NA	NA	NA	NA	NA	0	1	0	NA	NA	NA	NA	NA	NA	NA	NA	NA	NA	NA	NA	0	0	0	NA	0	NA	13	>25	4	NA	>42	14	>25	6	NA	>45	13	>25	7	NA	>45	12	>25	4	NA	>41	DSC_0760-DSC_0762	1.95	NA	TRUE	parents	0	NA	NA	NA	NA	NA	NA	praehirsuta
E4765r1	Male37	4765	NA	NA	05/06/2024	M	praehirsuta	NA	2	0	0	NA	NA	NA	NA	NA	NA	0	0	1	NA	NA	NA	NA	NA	NA	NA	NA	NA	NA	NA	NA	0	0	0	NA	0	NA	10	>25	0	NA	>35	12	>25	5	NA	>42	15	>25	7	NA	>47	12	>25	8	NA	>45	DSC_0763-DSC_0766	1.98	NA	TRUE	parents	0	NA	NA	NA	NA	NA	NA	praehirsuta
E4765r2	Male37	4765	NA	NA	05/06/2024	M	praehirsuta	NA	2	0	0	NA	NA	NA	NA	NA	NA	0	0	1	NA	NA	NA	NA	NA	NA	NA	NA	NA	NA	NA	NA	0	0	0	NA	0	NA	10	>25	0	NA	>35	12	>25	5	NA	>42	15	>25	7	NA	>47	12	>25	8	NA	>45	DSC_0763-DSC_0766	1.98	NA	TRUE	parents	0	NA	NA	NA	NA	NA	NA	praehirsuta
E4766	Male38	4766	NA	NA	05/06/2024	M	forsmani	NA	1	1	1	NA	NA	NA	NA	NA	NA	0	1	1	NA	NA	NA	NA	NA	NA	NA	NA	NA	NA	NA	NA	0	0	0	NA	0	NA	0	0	0	NA	0	0	0	0	NA	0	0	0	0	NA	0	0	0	0	NA	0	DSC_0767-DSC_0769	2.4	NA	TRUE	parents	1	NA	NA	NA	NA	NA	NA	forsmani
E4767	Male39	4767	NA	NA	05/06/2024	M	forsmani	NA	1	1	0	NA	NA	NA	NA	NA	NA	1	1	1	NA	NA	NA	NA	NA	NA	NA	NA	NA	NA	NA	NA	0	0	0	NA	0	NA	0	0	0	NA	0	0	0	0	NA	0	0	0	0	NA	0	0	0	0	NA	0	DSC_0770-DSC_0773	2.25	NA	TRUE	parents	1	NA	NA	NA	NA	NA	NA	forsmani
E4768	Male40	4768	NA	NA	05/06/2024	M	forsmani	NA	1	2	0	NA	NA	NA	NA	NA	NA	0	1	2	NA	NA	NA	NA	NA	NA	NA	NA	NA	NA	NA	NA	0	0	0	NA	0	NA	0	0	0	NA	0	0	0	0	NA	0	0	0	1	NA	1	0	0	1	NA	1	DSC_0774-DSC_0777	2.29	NA	TRUE	parents	0	NA	NA	NA	NA	NA	NA	forsmani
E4769	Male41	4769	NA	NA	05/06/2024	M	forsmani	NA	2	1	0	NA	NA	NA	NA	NA	NA	1	1	1	NA	NA	NA	NA	NA	NA	NA	NA	NA	NA	NA	NA	0	0	0	NA	0	NA	0	0	0	NA	0	0	0	0	NA	0	0	0	0	NA	0	0	0	0	NA	0	DSC_0778-DSC_0781	2.4	NA	TRUE	parents	0	NA	NA	NA	NA	NA	NA	forsmani
E4770	Male42	4770	NA	NA	05/06/2024	M	forsmani	NA	1	2	0	NA	NA	NA	NA	NA	NA	1	0	2	NA	NA	NA	NA	NA	NA	NA	NA	NA	NA	NA	NA	0	0	0	NA	0	NA	0	0	0	NA	0	0	0	0	NA	0	0	0	0	NA	0	0	0	0	NA	0	DSC_0782-DSC_0797	2.23	NA	TRUE	parents	1	NA	NA	NA	NA	NA	NA	forsmani
E4771	Male43	4771	NA	NA	05/06/2024	M	praehirsuta	NA	1	0	1	NA	NA	NA	NA	NA	NA	0	0	2	NA	NA	NA	NA	NA	NA	NA	NA	NA	NA	NA	NA	0	2	0	NA	2	NA	9	>25	0	NA	>34	8	>25	6	NA	>39	9	>25	5	NA	>39	11	>25	7	NA	>43	DSC_0788-DSC_0789	2.05	NA	TRUE	parents	0	NA	NA	NA	NA	NA	NA	praehirsuta
E4772	Male44	4772	NA	NA	05/06/2024	M	praehirsuta	NA	1	1	0	NA	NA	NA	NA	NA	NA	0	0	1	NA	NA	NA	NA	NA	NA	NA	NA	NA	NA	NA	NA	0	0	0	NA	0	NA	12	>25	3	NA	>40	9	>25	11	NA	>45	11	>25	10	NA	>46	11	>25	8	NA	>44	DSC_0790-DSC_0791	1.86	NA	TRUE	parents	0	NA	NA	NA	NA	NA	NA	praehirsuta
E4773	Male45	4773	NA	NA	05/06/2024	M	praehirsuta	NA	0	1	0	NA	NA	NA	NA	NA	NA	0	0	1	NA	NA	NA	NA	NA	NA	NA	NA	NA	NA	NA	NA	0	0	0	NA	0	NA	7	23	0	NA	30	7	>25	5	NA	>37	8	22	7	NA	37	16	17	16	NA	49	DSC_0792-DSC_0794	1.85	NA	TRUE	parents	1	NA	NA	NA	NA	NA	NA	praehirsuta
E4774	Male46	4774	NA	NA	05/06/2024	M	forsmani	NA	1	1	1	NA	NA	NA	NA	NA	NA	1	0	1	NA	NA	NA	NA	NA	NA	NA	NA	NA	NA	NA	NA	0	0	0	NA	0	NA	0	0	0	NA	0	0	0	0	NA	0	0	0	0	NA	0	0	0	0	NA	0	DSC_0795-DSC_0797	2.47	NA	TRUE	parents	0	NA	NA	NA	NA	NA	NA	forsmani
E4775	Male47	4775	NA	NA	05/06/2024	M	praehirsuta	NA	1	1	1	NA	NA	NA	NA	NA	NA	0	1	1	NA	NA	NA	NA	NA	NA	NA	NA	NA	NA	NA	NA	0	0	0	NA	0	NA	2	21	0	NA	23	5	>25	3	NA	>33	5	23	6	NA	34	5	16	6	NA	27	DSC_0798-DSC_0800	1.87	NA	TRUE	parents	0	NA	NA	NA	NA	NA	NA	praehirsuta
E4776	Male48	4776	NA	NA	05/06/2024	M	forsmani	NA	0	2	0	NA	NA	NA	NA	NA	NA	0	1	1	NA	NA	NA	NA	NA	NA	NA	NA	NA	NA	NA	NA	0	0	0	NA	0	NA	0	0	0	NA	0	0	0	0	NA	0	0	0	0	NA	0	0	0	0	NA	0	DSC_0801-DSC_0803	2.13	NA	TRUE	parents	0	NA	NA	NA	NA	NA	NA	forsmani
E4893b	M4-1	4893	NA	NA	17/06/2024	F	NA	NA	NA	NA	NA	NA	NA	NA	NA	NA	NA	NA	NA	NA	NA	NA	NA	NA	NA	NA	NA	NA	NA	NA	NA	NA	NA	NA	NA	NA	NA	NA	NA	NA	NA	NA	NA	NA	NA	NA	NA	NA	NA	NA	NA	NA	NA	NA	NA	NA	NA	NA	DSC_807-DSC_812	3,46		TRUE	parents	NA	28	28	NA	NA	O3-O7	NA	forsmani
E4894	M25-1	4894	NA	NA	17/06/2024	F	NA	NA	NA	NA	NA	NA	NA	NA	NA	NA	NA	NA	NA	NA	NA	NA	NA	NA	NA	NA	NA	NA	NA	NA	NA	NA	NA	NA	NA	NA	NA	NA	NA	NA	NA	NA	NA	NA	NA	NA	NA	NA	NA	NA	NA	NA	NA	NA	NA	NA	NA	NA	DSC_813-DSC_818	2,98		TRUE	parents	NA	18	18	NA	NA	O12-O14	NA	forsmani
E4895b	M15-1	4895	NA	NA	17/06/2024	F	NA	NA	NA	NA	NA	NA	NA	NA	NA	NA	NA	NA	NA	NA	NA	NA	NA	NA	NA	NA	NA	NA	NA	NA	NA	NA	NA	NA	NA	NA	NA	NA	NA	NA	NA	NA	NA	NA	NA	NA	NA	NA	NA	NA	NA	NA	NA	NA	NA	NA	NA	NA	DSC_821-DSC_824	3,92		TRUE	parents	NA	NA	NA	NA	NA	NA	NA	forsmani
E4903	M3-6	4903	NA	NA	19/06/2024	F	NA	NA	NA	NA	NA	NA	NA	NA	NA	NA	NA	NA	NA	NA	NA	NA	NA	NA	NA	NA	NA	NA	NA	NA	NA	NA	NA	NA	NA	NA	NA	NA	NA	NA	NA	NA	NA	NA	NA	NA	NA	NA	NA	NA	NA	NA	NA	NA	NA	NA	NA	NA	DSC_825-DSC_830	3,62		TRUE	parents	NA	39	24	NA	NA	O15-O18	NA	forsmani
E4904	M6-6	4904	NA	NA	19/06/2024	F	NA	NA	NA	NA	NA	NA	NA	NA	NA	NA	NA	NA	NA	NA	NA	NA	NA	NA	NA	NA	NA	NA	NA	NA	NA	NA	NA	NA	NA	NA	NA	NA	NA	NA	NA	NA	NA	NA	NA	NA	NA	NA	NA	NA	NA	NA	NA	NA	NA	NA	NA	NA	DSC_831-DSC_836	3,47		TRUE	parents	NA	17	17	NA	NA	O21-O23	NA	praehirsuta
E4905b	M7-1	4905	NA	NA	19/06/2024	F	NA	NA	NA	NA	NA	NA	NA	NA	NA	NA	NA	NA	NA	NA	NA	NA	NA	NA	NA	NA	NA	NA	NA	NA	NA	NA	NA	NA	NA	NA	NA	NA	NA	NA	NA	NA	NA	NA	NA	NA	NA	NA	NA	NA	NA	NA	NA	NA	NA	NA	NA	NA	DSC_837-DSC_840	3,45		TRUE	parents	NA	29	24	NA	NA	O24-O27	NA	praehirsuta
E4906b	M11-1	4906	NA	NA	19/06/2024	F	NA	NA	NA	NA	NA	NA	NA	NA	NA	NA	NA	NA	NA	NA	NA	NA	NA	NA	NA	NA	NA	NA	NA	NA	NA	NA	NA	NA	NA	NA	NA	NA	NA	NA	NA	NA	NA	NA	NA	NA	NA	NA	NA	NA	NA	NA	NA	NA	NA	NA	NA	NA	DSC_841-DSC_847	3,36		TRUE	parents	NA	25	24	NA	NA	O28-O31	NA	forsmani
E4907b	M12-1	4907	NA	NA	19/06/2024	F	NA	NA	NA	NA	NA	NA	NA	NA	NA	NA	NA	NA	NA	NA	NA	NA	NA	NA	NA	NA	NA	NA	NA	NA	NA	NA	NA	NA	NA	NA	NA	NA	NA	NA	NA	NA	NA	NA	NA	NA	NA	NA	NA	NA	NA	NA	NA	NA	NA	NA	NA	NA	DSC_848-DSC_851	3,6		TRUE	parents	NA	30	24	NA	NA	O32-O35	NA	praehirsuta
E4908b	M13-6	4908	NA	NA	19/06/2024	F	NA	NA	NA	NA	NA	NA	NA	NA	NA	NA	NA	NA	NA	NA	NA	NA	NA	NA	NA	NA	NA	NA	NA	NA	NA	NA	NA	NA	NA	NA	NA	NA	NA	NA	NA	NA	NA	NA	NA	NA	NA	NA	NA	NA	NA	NA	NA	NA	NA	NA	NA	NA	DSC_852-DSC_857	3,88		TRUE	parents	NA	14	14	NA	NA	O36-O38	NA	forsmani
E4909b	M18-1	4909	NA	NA	19/06/2024	F	NA	NA	NA	NA	NA	NA	NA	NA	NA	NA	NA	NA	NA	NA	NA	NA	NA	NA	NA	NA	NA	NA	NA	NA	NA	NA	NA	NA	NA	NA	NA	NA	NA	NA	NA	NA	NA	NA	NA	NA	NA	NA	NA	NA	NA	NA	NA	NA	NA	NA	NA	NA	DSC_858-DSC_859	3,24		TRUE	parents	NA	14	14	NA	NA	O39-O41	NA	praehirsuta
E4910b	M19-1	4910	NA	NA	19/06/2024	F	NA	NA	NA	NA	NA	NA	NA	NA	NA	NA	NA	NA	NA	NA	NA	NA	NA	NA	NA	NA	NA	NA	NA	NA	NA	NA	NA	NA	NA	NA	NA	NA	NA	NA	NA	NA	NA	NA	NA	NA	NA	NA	NA	NA	NA	NA	NA	NA	NA	NA	NA	NA	DSC_860-DSC_862	3,45		TRUE	parents	NA	14	14	NA	NA	O42-O44	NA	forsmani
E4911b	M25-6	4911	NA	NA	19/06/2024	F	NA	NA	NA	NA	NA	NA	NA	NA	NA	NA	NA	NA	NA	NA	NA	NA	NA	NA	NA	NA	NA	NA	NA	NA	NA	NA	NA	NA	NA	NA	NA	NA	NA	NA	NA	NA	NA	NA	NA	NA	NA	NA	NA	NA	NA	NA	NA	NA	NA	NA	NA	NA	DSC_863-DSC_864	3,33	One individual was attrbuted to the wrong mother (may have spent the night in the isolation pipette), so we added an offspring to this brood and removed one from the other mother (M2-6)	TRUE	parents	NA	24	24	NA	NA	O45-O48	NA	praehirsuta
E4912	M2-6	4912	NA	NA	20/06/2024	F	NA	NA	NA	NA	NA	NA	NA	NA	NA	NA	NA	NA	NA	NA	NA	NA	NA	NA	NA	NA	NA	NA	NA	NA	NA	NA	NA	NA	NA	NA	NA	NA	NA	NA	NA	NA	NA	NA	NA	NA	NA	NA	NA	NA	NA	NA	NA	NA	NA	NA	NA	NA	DSC_865-DSC_868	3,09	One individual was attrbuted to the wrong mother (may have spent the night in the isolation pipette), so we removed an offspring from this brood and added one to the other mother (M25-6)	TRUE	parents	NA	18	18	NA	NA	O49-O52	NA	praehirsuta
E4913b	M17-1	4913	NA	NA	20/06/2024	F	NA	NA	NA	NA	NA	NA	NA	NA	NA	NA	NA	NA	NA	NA	NA	NA	NA	NA	NA	NA	NA	NA	NA	NA	NA	NA	NA	NA	NA	NA	NA	NA	NA	NA	NA	NA	NA	NA	NA	NA	NA	NA	NA	NA	NA	NA	NA	NA	NA	NA	NA	NA	DSC_869-DSC_871	3,51		TRUE	parents	NA	13	13	NA	NA	O53-O55	NA	forsmani
E4914	M19-6	4914	NA	NA	20/06/2024	F	NA	NA	NA	NA	NA	NA	NA	NA	NA	NA	NA	NA	NA	NA	NA	NA	NA	NA	NA	NA	NA	NA	NA	NA	NA	NA	NA	NA	NA	NA	NA	NA	NA	NA	NA	NA	NA	NA	NA	NA	NA	NA	NA	NA	NA	NA	NA	NA	NA	NA	NA	NA	DSC_872-DSC_875	3,29		TRUE	parents	NA	14	14	NA	NA	O56-O58	NA	forsmani
E4917	M20-1	4917	NA	NA	21/06/2024	F	NA	NA	NA	NA	NA	NA	NA	NA	NA	NA	NA	NA	NA	NA	NA	NA	NA	NA	NA	NA	NA	NA	NA	NA	NA	NA	NA	NA	NA	NA	NA	NA	NA	NA	NA	NA	NA	NA	NA	NA	NA	NA	NA	NA	NA	NA	NA	NA	NA	NA	NA	NA	DSC_876-DSC_877	3,33		TRUE	parents	NA	16	16	NA	NA	O59-O61	NA	praehirsuta
E4918	M14-1	4918	NA	NA	25/06/2024	F	NA	NA	NA	NA	NA	NA	NA	NA	NA	NA	NA	NA	NA	NA	NA	NA	NA	NA	NA	NA	NA	NA	NA	NA	NA	NA	NA	NA	NA	NA	NA	NA	NA	NA	NA	NA	NA	NA	NA	NA	NA	NA	NA	NA	NA	NA	NA	NA	NA	NA	NA	NA	DSC_878-DSC_881	3,49		TRUE	parents	NA	27	24	NA	NA	O62-O65	NA	forsmani
E4919b	M16-6	4919	NA	NA	25/06/2024	F	NA	NA	NA	NA	NA	NA	NA	NA	NA	NA	NA	NA	NA	NA	NA	NA	NA	NA	NA	NA	NA	NA	NA	NA	NA	NA	NA	NA	NA	NA	NA	NA	NA	NA	NA	NA	NA	NA	NA	NA	NA	NA	NA	NA	NA	NA	NA	NA	NA	NA	NA	NA	DSC_882-DSC_884	3,37		TRUE	parents	NA	22	22	NA	NA	O66-O69	NA	praehirsuta
E4920	M1-1	4920	NA	NA	26/06/2024	F	NA	NA	NA	NA	NA	NA	NA	NA	NA	NA	NA	NA	NA	NA	NA	NA	NA	NA	NA	NA	NA	NA	NA	NA	NA	NA	NA	NA	NA	NA	NA	NA	NA	NA	NA	NA	NA	NA	NA	NA	NA	NA	NA	NA	NA	NA	NA	NA	NA	NA	NA	NA	DSC_885-DSC_887	3,23		TRUE	parents	NA	24	24	NA	NA	O70-O73	NA	praehirsuta
E4921	M4-6	4921	NA	NA	26/06/2024	F	NA	NA	NA	NA	NA	NA	NA	NA	NA	NA	NA	NA	NA	NA	NA	NA	NA	NA	NA	NA	NA	NA	NA	NA	NA	NA	NA	NA	NA	NA	NA	NA	NA	NA	NA	NA	NA	NA	NA	NA	NA	NA	NA	NA	NA	NA	NA	NA	NA	NA	NA	NA	DSC_888-DSC_889	3,42		TRUE	parents	NA	15	15	NA	NA	O74-O76	NA	forsmani
E4922b	M18-6	4922	NA	NA	26/06/2024	F	NA	NA	NA	NA	NA	NA	NA	NA	NA	NA	NA	NA	NA	NA	NA	NA	NA	NA	NA	NA	NA	NA	NA	NA	NA	NA	NA	NA	NA	NA	NA	NA	NA	NA	NA	NA	NA	NA	NA	NA	NA	NA	NA	NA	NA	NA	NA	NA	NA	NA	NA	NA	DSC_890-DSC_893	3,36		TRUE	parents	NA	25	24	NA	NA	O77-O80	NA	praehirsuta
E4923b	M20-6	4923	NA	NA	26/06/2024	F	NA	NA	NA	NA	NA	NA	NA	NA	NA	NA	NA	NA	NA	NA	NA	NA	NA	NA	NA	NA	NA	NA	NA	NA	NA	NA	NA	NA	NA	NA	NA	NA	NA	NA	NA	NA	NA	NA	NA	NA	NA	NA	NA	NA	NA	NA	NA	NA	NA	NA	NA	NA	DSC_894-DSC_895	3,52		TRUE	parents	NA	37	24	NA	NA	O81-O84	NA	praehirsuta
E4924	M23-6	4924	NA	NA	26/06/2024	F	NA	NA	NA	NA	NA	NA	NA	NA	NA	NA	NA	NA	NA	NA	NA	NA	NA	NA	NA	NA	NA	NA	NA	NA	NA	NA	NA	NA	NA	NA	NA	NA	NA	NA	NA	NA	NA	NA	NA	NA	NA	NA	NA	NA	NA	NA	NA	NA	NA	NA	NA	NA	DSC_896-DSC_898	3,48		TRUE	parents	NA	35	24	NA	NA	O85-O88	NA	forsmani
E4925b	M17-6	4925	NA	NA	26/06/2024	F	NA	NA	NA	NA	NA	NA	NA	NA	NA	NA	NA	NA	NA	NA	NA	NA	NA	NA	NA	NA	NA	NA	NA	NA	NA	NA	NA	NA	NA	NA	NA	NA	NA	NA	NA	NA	NA	NA	NA	NA	NA	NA	NA	NA	NA	NA	NA	NA	NA	NA	NA	NA	DSC_899-DSC_902	4,15		TRUE	parents	NA	NA	NA	NA	NA	NA	NA	forsmani
E4928b	M3-1	4928	NA	NA	28/06/2024	F	NA	NA	NA	NA	NA	NA	NA	NA	NA	NA	NA	NA	NA	NA	NA	NA	NA	NA	NA	NA	NA	NA	NA	NA	NA	NA	NA	NA	NA	NA	NA	NA	NA	NA	NA	NA	NA	NA	NA	NA	NA	NA	NA	NA	NA	NA	NA	NA	NA	NA	NA	NA	DSC_903-DSC_905	3,56		TRUE	parents	NA	35	24	NA	NA	O89-O92	NA	forsmani
E4929b	M7-6	4929	NA	NA	28/06/2024	F	NA	NA	NA	NA	NA	NA	NA	NA	NA	NA	NA	NA	NA	NA	NA	NA	NA	NA	NA	NA	NA	NA	NA	NA	NA	NA	NA	NA	NA	NA	NA	NA	NA	NA	NA	NA	NA	NA	NA	NA	NA	NA	NA	NA	NA	NA	NA	NA	NA	NA	NA	NA	DSC_906-DSC_908	3,67		TRUE	parents	NA	16	16	NA	NA	O93-O95	NA	praehirsuta
E4930	M8-6	4930	NA	NA	28/06/2024	F	NA	NA	NA	NA	NA	NA	NA	NA	NA	NA	NA	NA	NA	NA	NA	NA	NA	NA	NA	NA	NA	NA	NA	NA	NA	NA	NA	NA	NA	NA	NA	NA	NA	NA	NA	NA	NA	NA	NA	NA	NA	NA	NA	NA	NA	NA	NA	NA	NA	NA	NA	NA	DSC_911-DSC_912	3,29		TRUE	parents	NA	29	23	NA	NA	O96-O99	NA	forsmani
E4931	M9-1	4931	NA	NA	28/06/2024	F	NA	NA	NA	NA	NA	NA	NA	NA	NA	NA	NA	NA	NA	NA	NA	NA	NA	NA	NA	NA	NA	NA	NA	NA	NA	NA	NA	NA	NA	NA	NA	NA	NA	NA	NA	NA	NA	NA	NA	NA	NA	NA	NA	NA	NA	NA	NA	NA	NA	NA	NA	NA	DSC_913-DSC_914	3,33		TRUE	parents	NA	28	24	NA	NA	O100-O103	NA	forsmani
E4932b	M15-6	4932	NA	NA	28/06/2024	F	NA	NA	NA	NA	NA	NA	NA	NA	NA	NA	NA	NA	NA	NA	NA	NA	NA	NA	NA	NA	NA	NA	NA	NA	NA	NA	NA	NA	NA	NA	NA	NA	NA	NA	NA	NA	NA	NA	NA	NA	NA	NA	NA	NA	NA	NA	NA	NA	NA	NA	NA	NA	DSC_915-DSC_916	3,44		TRUE	parents	NA	16	16	NA	NA	O104-O106	NA	praehirsuta
E4934	M12-6	4934	NA	NA	01/07/2024	F	NA	NA	NA	NA	NA	NA	NA	NA	NA	NA	NA	NA	NA	NA	NA	NA	NA	NA	NA	NA	NA	NA	NA	NA	NA	NA	NA	NA	NA	NA	NA	NA	NA	NA	NA	NA	NA	NA	NA	NA	NA	NA	NA	NA	NA	NA	NA	NA	NA	NA	NA	NA	DSC_920-DSC_921	3,47		TRUE	parents	NA	31	24	NA	NA	O110-O113	NA	forsmani
E4935b	M1-6	4935	NA	NA	03/07/2024	F	NA	NA	NA	NA	NA	NA	NA	NA	NA	NA	NA	NA	NA	NA	NA	NA	NA	NA	NA	NA	NA	NA	NA	NA	NA	NA	NA	NA	NA	NA	NA	NA	NA	NA	NA	NA	NA	NA	NA	NA	NA	NA	NA	NA	NA	NA	NA	NA	NA	NA	NA	NA	DSC_922-DSC_924	3,48	Two individuals was attributed to the wrong mother (may have spent the night in the isolation pipette), they were removed from this brood and added to mother M10-1.  One offspring was added to this mother (M1-6) from the other mother (M10-1)	TRUE	parents	NA	30	23	NA	NA	O114-O117	NA	forsmani
E4936	M10-1	4936	NA	NA	03/07/2024	F	NA	NA	NA	NA	NA	NA	NA	NA	NA	NA	NA	NA	NA	NA	NA	NA	NA	NA	NA	NA	NA	NA	NA	NA	NA	NA	NA	NA	NA	NA	NA	NA	NA	NA	NA	NA	NA	NA	NA	NA	NA	NA	NA	NA	NA	NA	NA	NA	NA	NA	NA	NA	DSC_925-DSC_929	2,94	Two individuals were added to this brood as COLONY indicated an error in the manipulation of individuals. In the same way, one individual was removed from this brood.	TRUE	parents	NA	29	25	NA	NA	O118-O121	NA	praehirsuta
E4937b	M13-1	4937	NA	NA	03/07/2024	F	NA	NA	NA	NA	NA	NA	NA	NA	NA	NA	NA	NA	NA	NA	NA	NA	NA	NA	NA	NA	NA	NA	NA	NA	NA	NA	NA	NA	NA	NA	NA	NA	NA	NA	NA	NA	NA	NA	NA	NA	NA	NA	NA	NA	NA	NA	NA	NA	NA	NA	NA	NA	DSC_930-DSC_933	3,52		TRUE	parents	NA	22	22	NA	NA	O122-O125	NA	forsmani
E4938b	M22-6	4938	NA	NA	03/07/2024	F	NA	NA	NA	NA	NA	NA	NA	NA	NA	NA	NA	NA	NA	NA	NA	NA	NA	NA	NA	NA	NA	NA	NA	NA	NA	NA	NA	NA	NA	NA	NA	NA	NA	NA	NA	NA	NA	NA	NA	NA	NA	NA	NA	NA	NA	NA	NA	NA	NA	NA	NA	NA	DSC_934-DSC_935	3,51		TRUE	parents	NA	13	13	NA	NA	O126-O128	NA	forsmani
E4939	M21-1	4939	NA	NA	05/07/2024	F	NA	NA	NA	NA	NA	NA	NA	NA	NA	NA	NA	NA	NA	NA	NA	NA	NA	NA	NA	NA	NA	NA	NA	NA	NA	NA	NA	NA	NA	NA	NA	NA	NA	NA	NA	NA	NA	NA	NA	NA	NA	NA	NA	NA	NA	NA	NA	NA	NA	NA	NA	NA	DSC_936-DSC_938	3,29		TRUE	parents	NA	13	13	NA	NA	O129-O131	NA	praehirsuta
E4940	M21-6	4940	NA	NA	05/07/2024	F	NA	NA	NA	NA	NA	NA	NA	NA	NA	NA	NA	NA	NA	NA	NA	NA	NA	NA	NA	NA	NA	NA	NA	NA	NA	NA	NA	NA	NA	NA	NA	NA	NA	NA	NA	NA	NA	NA	NA	NA	NA	NA	NA	NA	NA	NA	NA	NA	NA	NA	NA	NA	DSC_939-DSC_940	3,04		TRUE	parents	NA	23	23	NA	NA	O132-O135	NA	praehirsuta
E4941	M22-1	4941	NA	NA	05/07/2024	F	NA	NA	NA	NA	NA	NA	NA	NA	NA	NA	NA	NA	NA	NA	NA	NA	NA	NA	NA	NA	NA	NA	NA	NA	NA	NA	NA	NA	NA	NA	NA	NA	NA	NA	NA	NA	NA	NA	NA	NA	NA	NA	NA	NA	NA	NA	NA	NA	NA	NA	NA	NA	DSC_941-DSC_943	3,27		TRUE	parents	NA	19	19	NA	NA	O136-O139	NA	praehirsuta
E4942	M10-6	4942	NA	NA	08/07/2024	F	NA	NA	NA	NA	NA	NA	NA	NA	NA	NA	NA	NA	NA	NA	NA	NA	NA	NA	NA	NA	NA	NA	NA	NA	NA	NA	NA	NA	NA	NA	NA	NA	NA	NA	NA	NA	NA	NA	NA	NA	NA	NA	NA	NA	NA	NA	NA	NA	NA	NA	NA	NA	DSC_944-DSC_945	3,22		TRUE	parents	NA	25	24	NA	NA	O140-O143	NA	praehirsuta
E4943b	M24-1	4943	NA	NA	08/07/2024	F	NA	NA	NA	NA	NA	NA	NA	NA	NA	NA	NA	NA	NA	NA	NA	NA	NA	NA	NA	NA	NA	NA	NA	NA	NA	NA	NA	NA	NA	NA	NA	NA	NA	NA	NA	NA	NA	NA	NA	NA	NA	NA	NA	NA	NA	NA	NA	NA	NA	NA	NA	NA	DSC_946-DSC_947	3,63		TRUE	parents	NA	28	24	NA	NA	O144-O147	NA	praehirsuta
E4945	M5-6	4945	NA	NA	10/07/2024	F	NA	NA	NA	NA	NA	NA	NA	NA	NA	NA	NA	NA	NA	NA	NA	NA	NA	NA	NA	NA	NA	NA	NA	NA	NA	NA	NA	NA	NA	NA	NA	NA	NA	NA	NA	NA	NA	NA	NA	NA	NA	NA	NA	NA	NA	NA	NA	NA	NA	NA	NA	NA	DSC_948-DSC_950	3,35		TRUE	parents	NA	13	13	NA	NA	O148-O150	NA	praehirsuta
E4946b	M9-6	4946	NA	NA	10/07/2024	F	NA	NA	NA	NA	NA	NA	NA	NA	NA	NA	NA	NA	NA	NA	NA	NA	NA	NA	NA	NA	NA	NA	NA	NA	NA	NA	NA	NA	NA	NA	NA	NA	NA	NA	NA	NA	NA	NA	NA	NA	NA	NA	NA	NA	NA	NA	NA	NA	NA	NA	NA	NA	DSC_951-DSC_953	3,11		TRUE	parents	NA	4	4	20	20	O2	O151-O154	forsmani
E4947	M11-6	4947	NA	NA	10/07/2024	F	NA	NA	NA	NA	NA	NA	NA	NA	NA	NA	NA	NA	NA	NA	NA	NA	NA	NA	NA	NA	NA	NA	NA	NA	NA	NA	NA	NA	NA	NA	NA	NA	NA	NA	NA	NA	NA	NA	NA	NA	NA	NA	NA	NA	NA	NA	NA	NA	NA	NA	NA	NA	DSC_954-DSC_955	3,17		TRUE	parents	NA	7	7	19	19	O8-O9	O155-O158	forsmani
E4948	M14-6	4948	NA	NA	10/07/2024	F	NA	NA	NA	NA	NA	NA	NA	NA	NA	NA	NA	NA	NA	NA	NA	NA	NA	NA	NA	NA	NA	NA	NA	NA	NA	NA	NA	NA	NA	NA	NA	NA	NA	NA	NA	NA	NA	NA	NA	NA	NA	NA	NA	NA	NA	NA	NA	NA	NA	NA	NA	NA	DSC_956-DSC_957	3,47		TRUE	parents	NA	9	9	24	24	O10-O11	O159-O162	forsmani
E4949	M5-1	4949	NA	NA	10/07/2024	F	NA	NA	NA	NA	NA	NA	NA	NA	NA	NA	NA	NA	NA	NA	NA	NA	NA	NA	NA	NA	NA	NA	NA	NA	NA	NA	NA	NA	NA	NA	NA	NA	NA	NA	NA	NA	NA	NA	NA	NA	NA	NA	NA	NA	NA	NA	NA	NA	NA	NA	NA	NA	DSC_958-DSC_960	3,07		TRUE	parents	NA	4	4	20	20	O1	O163-O166	praehirsuta
E4953	M6-1	4953	NA	NA	17/07/2024	F	NA	NA	NA	NA	NA	NA	NA	NA	NA	NA	NA	NA	NA	NA	NA	NA	NA	NA	NA	NA	NA	NA	NA	NA	NA	NA	NA	NA	NA	NA	NA	NA	NA	NA	NA	NA	NA	NA	NA	NA	NA	NA	NA	NA	NA	NA	NA	NA	NA	NA	NA	NA	DSC_961-DSC_962	3,17		TRUE	parents	NA	9	9	17	17	O19-O20	O169-O171	praehirsuta
E4961	M2-1	4961	NA	NA	01/08/2024	F	NA	NA	NA	NA	NA	NA	NA	NA	NA	NA	NA	NA	NA	NA	NA	NA	NA	NA	NA	NA	NA	NA	NA	NA	NA	NA	NA	NA	NA	NA	NA	NA	NA	NA	NA	NA	NA	NA	NA	NA	NA	NA	NA	NA	NA	NA	NA	NA	NA	NA	NA	NA	DSC_963-DSC_964	3,39		TRUE	parents	NA	1	1	NA	NA	O174	NA	forsmani
E4964	M8-1	4964	NA	NA	02/08/2024	F	NA	NA	NA	NA	NA	NA	NA	NA	NA	NA	NA	NA	NA	NA	NA	NA	NA	NA	NA	NA	NA	NA	NA	NA	NA	NA	NA	NA	NA	NA	NA	NA	NA	NA	NA	NA	NA	NA	NA	NA	NA	NA	NA	NA	NA	NA	NA	NA	NA	NA	NA	NA	DSC_965-DSC_966	3,29		TRUE	parents	NA	7	7	NA	NA	O167-O168	NA	praehirsuta
E4706	Male50	4706	NA	NA	26/05/2024	M	praehirsuta	NA	1	0	0	NA	NA	NA	NA	1	NA	NA	NA	NA	NA	NA	NA	NA	NA	NA	NA	NA	NA	NA	NA	NA	NA	NA	NA	NA	NA	NA	NA	NA	NA	NA	NA	NA	NA	NA	NA	NA	NA	NA	NA	NA	NA	NA	NA	NA	NA	NA	NA	1.72	"Dead in aquarium after 2 days; except for P7, the pereiopods were not countable"	TRUE	parents	NA	NA	NA	NA	NA	NA	NA	praehirsuta
E4958b	M23-1	4958	NA	NA	29/07/2024	F	NA	NA	NA	NA	NA	NA	NA	NA	NA	NA	NA	NA	NA	NA	NA	NA	NA	NA	NA	NA	NA	NA	NA	NA	NA	NA	NA	NA	NA	NA	NA	NA	NA	NA	NA	NA	NA	NA	NA	NA	NA	NA	NA	NA	NA	NA	NA	NA	NA	NA	NA	NA	NA	NA		TRUE	parents	NA	9	9	NA	NA	O172-O173	NA	praehirsuta
E4933	M24-6	4933	NA	NA	28/06/2024	F	NA	NA	NA	NA	NA	NA	NA	NA	NA	NA	NA	NA	NA	NA	NA	NA	NA	NA	NA	NA	NA	NA	NA	NA	NA	NA	NA	NA	NA	NA	NA	NA	NA	NA	NA	NA	NA	NA	NA	NA	NA	NA	NA	NA	NA	NA	NA	NA	NA	NA	NA	NA	DSC_914-DSC_919	2.68		FALSE	parents	NA	18	18	NA	NA	O107-O109	NA	forsmani
